1544359169.0000,2031,45568.9997,-68.8265,-27.2629,0.6202,0.0200,0.0200,0.0500,0.9993,-0.0031,-0.0001,0.0361,0.0039,0.1745,0.0039,0.0006,0.0012,-0.0009,0.7072,0.7072,0.7080
1544359170.0000,2031,45569.9997,-68.8253,-27.2604,0.6185,0.0200,0.0200,0.0500,0.9993,-0.0035,-0.0001,0.0362,0.0013,0.1951,0.0013,0.0012,0.0025,-0.0017,0.0283,0.0283,0.0706
1544359171.0000,2031,45570.9997,-68.8273,-27.2590,0.6164,0.4368,0.4368,0.4477,0.9994,-0.0088,-0.0003,0.0348,0.0001,0.2138,0.0001,-0.0020,0.0015,-0.0021,0.4365,0.4365,0.4461
1544359172.0000,2031,45571.9997,-68.8284,-27.2603,0.6101,0.0200,0.0200,0.0499,0.9993,-0.0079,-0.0003,0.0353,0.0004,0.2309,0.0004,-0.0012,-0.0013,-0.0063,0.4003,0.4003,0.4087
1544359173.0000,2031,45572.9997,-68.8251,-27.2670,0.5960,0.0200,0.0200,0.0497,0.9994,0.0005,0.0000,0.0356,0.0039,0.2468,0.0039,0.0033,-0.0067,-0.0141,0.0282,0.0282,0.0701
1544359174.0000,2031,45573.9997,-68.8262,-27.2651,0.6168,0.0200,0.0200,0.0497,0.9993,-0.0099,-0.0004,0.0354,0.0029,0.2618,0.0029,-0.0011,0.0019,0.0208,0.0282,0.0282,0.0699
1544359175.0000,2031,45574.9997,-68.8286,-27.2667,0.5923,0.0200,0.0200,0.0497,0.9994,0.0060,0.0002,0.0345,0.0055,0.2760,0.0055,-0.0024,-0.0017,-0.0245,0.0282,0.0282,0.0699
1544359176.0000,2031,45575.9997,-68.8249,-27.2628,0.6135,0.0200,0.0200,0.0497,0.9993,-0.0027,-0.0001,0.0373,0.0044,0.2894,0.0044,0.0037,0.0040,0.0212,0.0282,0.0282,0.0699
1544359177.0000,2031,45576.9997,-68.8276,-27.2667,0.6010,0.0200,0.0200,0.0497,0.9994,-0.0000,-0.0000,0.0351,0.0053,0.3023,0.0053,-0.0027,-0.0039,-0.0125,0.0282,0.0282,0.0699
1544359178.0000,2031,45577.9997,-68.8286,-27.2646,0.6143,0.0200,0.0200,0.0497,0.9994,-0.0027,-0.0001,0.0359,0.0056,0.3146,0.0056,-0.0010,0.0021,0.0133,0.0282,0.0282,0.0699
1544359179.0000,2031,45578.9997,-68.8273,-27.2630,0.5997,0.0200,0.0200,0.0497,0.9994,-0.0014,-0.0001,0.0360,0.0017,0.3265,0.0017,0.0013,0.0016,-0.0145,0.0282,0.0282,0.0699
1544359180.0000,2031,45579.9997,-68.8277,-27.2670,0.6170,0.0200,0.0200,0.0497,0.9994,-0.0029,-0.0001,0.0357,0.0043,0.3380,0.0043,-0.0004,-0.0040,0.0173,0.0282,0.0282,0.0699
1544359181.0000,2031,45580.9997,-68.8311,-27.2625,0.6104,0.0200,0.0200,0.0497,0.9994,-0.0013,-0.0001,0.0347,0.0040,0.3491,0.0040,-0.0033,0.0044,-0.0066,0.0282,0.0282,0.0699
1544359182.0000,2031,45581.9997,-68.8307,-27.2603,0.6269,0.0200,0.0200,0.0497,0.9993,-0.0073,-0.0003,0.0359,0.0013,0.3598,0.0013,0.0004,0.0022,0.0165,0.0282,0.0282,0.0699
1544359183.0000,2031,45582.9997,-68.8252,-27.2630,0.6145,0.0200,0.0200,0.0497,0.9993,-0.0023,-0.0001,0.0371,0.0053,0.3702,0.0053,0.0054,-0.0027,-0.0124,0.0282,0.0282,0.0699
1544359184.0000,2031,45583.9997,-68.8221,-27.2670,0.6026,0.0200,0.0200,0.0497,0.9993,-0.0017,-0.0001,0.0364,0.0033,0.3804,0.0033,0.0032,-0.0040,-0.0119,0.0282,0.0282,0.0699
1544359185.0000,2031,45584.9997,-68.8267,-27.2597,0.6324,0.0200,0.0200,0.0497,0.9994,-0.0067,-0.0003,0.0354,0.0030,0.3903,0.0030,-0.0047,0.0073,0.0298,0.0282,0.0282,0.0699
1544359186.0000,2031,45585.9997,-68.8246,-27.2666,0.6072,0.0200,0.0200,0.0497,0.9993,-0.0009,-0.0000,0.0372,0.0056,0.3999,0.0056,0.0021,-0.0069,-0.0252,0.0282,0.0282,0.0699
1544359187.0000,2031,45586.9997,-68.8291,-27.2591,0.6221,0.0200,0.0200,0.0497,0.9993,-0.0129,-0.0005,0.0347,0.0030,0.4093,0.0030,-0.0045,0.0076,0.0149,0.0282,0.0282,0.0699
1544359188.0000,2031,45587.9997,-68.8344,-27.2587,0.6184,0.0200,0.0200,0.0497,0.9994,-0.0072,-0.0003,0.0326,0.0053,0.4185,0.0053,-0.0053,0.0004,-0.0038,0.0282,0.0282,0.0699
1544359189.0000,2031,45588.9997,-68.8181,-27.2668,0.6167,0.0200,0.0200,0.0497,0.9992,0.0014,0.0000,0.0393,0.0078,0.4275,0.0078,0.0163,-0.0081,-0.0017,0.0282,0.0282,0.0699
1544359190.0000,2031,45589.9997,-68.7899,-27.2855,0.6081,0.0200,0.0200,0.0497,0.9993,0.0002,-0.0000,0.0378,0.0876,0.4363,0.0876,0.0282,-0.0187,-0.0086,0.0282,0.0282,0.0699
1544359191.0000,2031,45590.9997,-68.8442,-27.2403,0.6558,0.0200,0.0200,0.0497,0.9993,-0.0011,-0.0001,0.0363,0.1237,0.4450,0.1237,-0.0542,0.0452,0.0477,0.0282,0.0282,0.0699
1544359192.0000,2031,45591.9997,-68.8349,-27.2472,0.6358,0.0200,0.0200,0.0497,0.9994,-0.0023,-0.0001,0.0348,0.1513,0.4534,0.1513,0.0092,-0.0069,-0.0200,0.0282,0.0282,0.0699
1544359193.0000,2031,45592.9997,-68.8423,-27.2473,0.6481,0.0200,0.0200,0.0497,0.9994,-0.0035,-0.0002,0.0333,0.1747,0.4618,0.1747,-0.0074,-0.0001,0.0124,0.0282,0.0282,0.0699
1544359194.0000,2031,45593.9997,-68.8408,-27.2437,0.6388,0.0200,0.0200,0.0497,0.9995,-0.0048,-0.0002,0.0317,0.1953,0.4699,0.1953,0.0015,0.0036,-0.0093,0.0282,0.0282,0.0699
1544359195.0000,2031,45594.9997,-68.8359,-27.2477,0.6344,0.0200,0.0200,0.0497,0.9995,-0.0060,-0.0003,0.0302,0.2139,0.4780,0.2139,0.0049,-0.0040,-0.0044,0.0282,0.0282,0.0699
1544359196.0000,2031,45595.9997,-68.8433,-27.2541,0.6358,0.0200,0.0200,0.0497,0.9996,-0.0073,-0.0003,0.0287,0.0822,0.4859,0.0822,-0.0073,-0.0064,0.0013,0.0282,0.0282,0.0699
1544359197.0000,2031,45596.9997,-68.8384,-27.2587,0.6231,0.0200,0.0200,0.0497,0.9996,-0.0085,-0.0004,0.0272,0.0105,0.4937,0.0105,0.0049,-0.0046,-0.0127,0.0282,0.0282,0.0699
1544359198.0000,2031,45597.9997,-68.8363,-27.2597,0.6317,0.0200,0.0200,0.0497,0.9995,-0.0119,-0.0004,0.0294,0.0056,0.5013,0.0056,0.0021,-0.0011,0.0086,0.0282,0.0282,0.0699
1544359199.0000,2031,45598.9997,-68.8418,-27.2540,0.6326,0.0200,0.0200,0.0497,0.9996,-0.0040,-0.0002,0.0287,0.0056,0.5088,0.0056,-0.0055,0.0058,0.0010,0.0282,0.0282,0.0699
1544359200.0000,2031,45599.9997,-68.8453,-27.2538,0.6153,0.0200,0.0200,0.0497,0.9996,-0.0060,-0.0003,0.0259,0.0108,0.5163,0.0108,-0.0034,0.0002,-0.0174,0.0282,0.0282,0.0699
1544359201.0000,2031,45600.9997,-68.8067,-27.2907,0.5842,0.0200,0.0200,0.0497,0.9996,-0.0070,-0.0003,0.0288,0.0879,0.5236,0.0879,0.0386,-0.0369,-0.0310,0.0282,0.0282,0.0699
1544359202.0000,2031,45601.9997,-68.8061,-27.2897,0.5868,0.0200,0.0200,0.0497,0.9995,-0.0080,-0.0003,0.0316,0.1239,0.5308,0.1239,0.0006,0.0010,0.0026,0.0282,0.0282,0.0699
1544359203.0000,2031,45602.9997,-68.8101,-27.2780,0.6073,0.0200,0.0200,0.0497,0.9994,-0.0090,-0.0003,0.0344,0.1515,0.5379,0.1515,-0.0040,0.0117,0.0204,0.0282,0.0282,0.0699
1544359204.0000,2031,45603.9997,-68.8128,-27.2813,0.6086,0.0200,0.0200,0.0497,0.9993,-0.0100,-0.0003,0.0372,0.0783,0.5450,0.0783,-0.0027,-0.0033,0.0014,0.0282,0.0282,0.0699
1544359205.0000,2031,45604.9997,-68.8134,-27.2756,0.6346,0.0200,0.0200,0.0497,0.9991,-0.0109,-0.0003,0.0400,0.0079,0.5519,0.0079,-0.0006,0.0056,0.0259,0.0282,0.0282,0.0699
1544359206.0000,2031,45605.9997,-68.8017,-27.2664,0.5741,0.0200,0.0200,0.0497,0.9989,0.0050,0.0004,0.0456,0.0064,0.5588,0.0064,0.0117,0.0092,-0.0604,0.0282,0.0282,0.0699
1544359207.0000,2031,45606.9997,-68.7783,-27.2771,0.6545,0.0200,0.0200,0.0499,0.9985,-0.0220,-0.0009,0.0500,0.0094,0.5656,0.0094,0.0235,-0.0107,0.0803,0.0283,0.0283,0.0703
1544359208.0000,2031,45607.9997,-68.8041,-27.2677,0.6596,0.4476,0.4476,0.4495,0.9992,-0.0024,-0.0001,0.0388,0.0050,0.5722,0.0050,-0.0259,0.0094,0.0052,0.4473,0.4473,0.4479
1544359209.0000,2031,45608.9997,-68.8317,-27.2592,0.6217,0.0200,0.0200,0.0500,0.9993,-0.0124,-0.0005,0.0341,0.0067,0.5789,0.0067,-0.0276,0.0085,-0.0379,0.4389,0.4389,0.4483
1544359210.0000,2031,45609.9997,-68.8134,-27.2727,0.5728,0.4438,0.4438,0.4548,0.9993,-0.0067,-0.0003,0.0360,0.0016,0.5854,0.0016,0.0183,-0.0134,-0.0489,0.4437,0.4437,0.4538
1544359211.0000,2031,45610.9997,-68.8195,-27.2717,0.5851,0.0200,0.0200,0.0499,0.9993,0.0030,0.0000,0.0372,0.0029,0.5919,0.0029,-0.0061,0.0009,0.0123,0.4057,0.4057,0.4140
1544359212.0000,2031,45611.9997,-68.8276,-27.2574,0.6257,0.0200,0.0200,0.0499,0.9993,-0.0066,-0.0003,0.0368,0.0004,0.5983,0.0004,-0.0080,0.0143,0.0406,0.0283,0.0283,0.0704
1544359213.0000,2031,45612.9997,-68.8280,-27.2541,0.6522,0.6989,0.6989,0.9203,0.9994,-0.0059,-0.0003,0.0352,0.0005,0.6046,0.0005,-0.0005,0.0034,0.0265,0.6985,0.6985,0.9169
1544359214.0000,2031,45613.9997,-68.8246,-27.2561,0.6675,1.0036,1.0036,1.7074,0.9988,-0.0279,-0.0011,0.0391,0.0018,0.6109,0.0018,0.0034,-0.0020,0.0153,0.7063,0.7063,1.1009
1544359215.0000,2031,45614.9997,-68.8210,-27.2594,0.6729,1.1056,1.1056,2.2131,0.9983,-0.0425,-0.0016,0.0399,0.0003,0.6171,0.0003,0.0037,-0.0033,0.0054,0.7300,0.7300,1.1246
1544359216.0000,2031,45615.9997,-68.8186,-27.2625,0.6699,1.1291,1.1291,2.4593,0.9985,-0.0390,-0.0015,0.0385,0.0018,0.6232,0.0018,0.0023,-0.0031,-0.0030,0.7675,0.7675,1.1259
1544359217.0000,2031,45616.9997,-68.8176,-27.2653,0.6604,1.1316,1.1316,2.5571,0.9988,-0.0269,-0.0010,0.0398,0.0065,0.6293,0.0065,0.0011,-0.0029,-0.0095,0.7897,0.7897,1.1438
1544359218.0000,2031,45617.9997,-68.8177,-27.2674,0.6470,1.1316,1.1316,2.5875,0.9991,-0.0162,-0.0006,0.0387,0.0056,0.6353,0.0056,-0.0001,-0.0020,-0.0134,0.7976,0.7976,1.1712
1544359219.0000,2031,45618.9997,-68.8187,-27.2685,0.6328,1.1320,1.1320,2.5935,0.9992,-0.0020,-0.0001,0.0396,0.0046,0.6413,0.0046,-0.0010,-0.0012,-0.0141,0.7992,0.7992,1.1961
1544359220.0000,2031,45619.9997,-68.8206,-27.2687,0.6211,0.7510,0.7510,1.0545,0.9995,-0.0094,-0.0004,0.0310,0.0093,0.6472,0.0093,-0.0019,-0.0002,-0.0117,0.6022,0.6022,0.8235
1544359221.0000,2031,45620.9997,-68.8228,-27.2677,0.6135,0.0200,0.0200,0.0499,0.9993,-0.0111,-0.0004,0.0369,0.0003,0.6530,0.0003,-0.0023,0.0011,-0.0076,0.6005,0.6005,0.7261
1544359222.0000,2031,45621.9997,-68.8285,-27.2612,0.6118,0.0200,0.0200,0.0497,0.9994,-0.0057,-0.0002,0.0348,0.0056,0.6588,0.0056,-0.0056,0.0064,-0.0016,0.0282,0.0282,0.0702
1544359223.0000,2031,45622.9997,-68.8219,-27.2647,0.6153,0.0200,0.0200,0.0497,0.9991,-0.0113,-0.0003,0.0401,0.0004,0.6646,0.0004,0.0066,-0.0035,0.0035,0.0282,0.0282,0.0699
1544359224.0000,2031,45623.9997,-68.8221,-27.2587,0.6514,0.0200,0.0200,0.0497,0.9989,-0.0241,-0.0009,0.0392,0.0036,0.6703,0.0036,-0.0002,0.0061,0.0360,0.0282,0.0282,0.0699
1544359225.0000,2031,45624.9997,-68.8269,-27.2672,0.5955,0.0200,0.0200,0.0497,0.9994,-0.0066,-0.0003,0.0338,0.0039,0.6760,0.0039,-0.0049,-0.0085,-0.0558,0.0282,0.0282,0.0699
1544359226.0000,2031,45625.9997,-68.8273,-27.2591,0.6171,0.0200,0.0200,0.0497,0.9994,-0.0052,-0.0003,0.0335,0.0618,0.6816,0.0618,-0.0004,0.0080,0.0215,0.0282,0.0282,0.0699
1544359227.0000,2031,45626.9997,-68.8300,-27.2590,0.6099,0.0200,0.0200,0.0497,0.9994,-0.0037,-0.0002,0.0333,0.0046,0.6871,0.0046,-0.0027,0.0001,-0.0071,0.0282,0.0282,0.0699
1544359228.0000,2031,45627.9997,-68.8330,-27.2538,0.6259,0.0200,0.0200,0.0497,0.9994,-0.0135,-0.0005,0.0330,0.0098,0.6927,0.0098,-0.0030,0.0053,0.0159,0.0282,0.0282,0.0699
1544359229.0000,2031,45628.9997,-68.8328,-27.2560,0.6314,0.0200,0.0200,0.0497,0.9993,-0.0209,-0.0008,0.0314,0.0085,0.6981,0.0085,0.0002,-0.0023,0.0056,0.0282,0.0282,0.0699
1544359230.0000,2031,45629.9997,-68.8304,-27.2544,0.6231,0.0200,0.0200,0.0497,0.9994,-0.0027,-0.0002,0.0333,0.0050,0.7036,0.0050,0.0024,0.0016,-0.0083,0.0282,0.0282,0.0699
1544359231.0000,2031,45630.9997,-68.8221,-27.2588,0.6603,0.0200,0.0200,0.0497,0.9990,-0.0235,-0.0009,0.0369,0.0053,0.7090,0.0053,0.0083,-0.0044,0.0372,0.0282,0.0282,0.0699
1544359232.0000,2031,45631.9997,-68.8208,-27.2638,0.6433,0.0200,0.0200,0.0497,0.9992,-0.0132,-0.0005,0.0373,0.0008,0.7143,0.0008,0.0013,-0.0050,-0.0170,0.0282,0.0282,0.0699
1544359233.0000,2031,45632.9997,-68.8245,-27.2560,0.6683,0.0200,0.0200,0.0497,0.9991,-0.0235,-0.0009,0.0355,0.0049,0.7196,0.0049,-0.0037,0.0078,0.0249,0.0282,0.0282,0.0699
1544359234.0000,2031,45633.9997,-68.8223,-27.2580,0.6665,0.0200,0.0200,0.0497,0.9990,-0.0270,-0.0010,0.0365,0.0048,0.7249,0.0048,0.0022,-0.0020,-0.0017,0.0282,0.0282,0.0699
1544359235.0000,2031,45634.9997,-68.8243,-27.2585,0.6656,0.0200,0.0200,0.0497,0.9989,-0.0270,-0.0010,0.0378,0.0017,0.7301,0.0017,-0.0020,-0.0005,-0.0009,0.0282,0.0282,0.0699
1544359236.0000,2031,45635.9997,-68.8238,-27.2559,0.6727,0.0200,0.0200,0.0497,0.9990,-0.0266,-0.0010,0.0353,0.0036,0.7353,0.0036,0.0006,0.0026,0.0071,0.0282,0.0282,0.0699
1544359237.0000,2031,45636.9997,-68.8249,-27.2570,0.6634,0.0200,0.0200,0.0497,0.9991,-0.0249,-0.0010,0.0348,0.0079,0.7405,0.0079,-0.0012,-0.0011,-0.0093,0.0282,0.0282,0.0699
1544359238.0000,2031,45637.9997,-68.8238,-27.2582,0.6613,0.0200,0.0200,0.0497,0.9990,-0.0262,-0.0010,0.0359,0.0045,0.7456,0.0045,0.0011,-0.0013,-0.0022,0.0282,0.0282,0.0699
1544359239.0000,2031,45638.9997,-68.8250,-27.2560,0.6655,0.0200,0.0200,0.0497,0.9991,-0.0213,-0.0008,0.0358,0.0039,0.7507,0.0039,-0.0012,0.0022,0.0043,0.0282,0.0282,0.0699
1544359240.0000,2031,45639.9997,-68.8200,-27.2619,0.6505,0.0200,0.0200,0.0497,0.9990,-0.0224,-0.0008,0.0389,0.0024,0.7557,0.0024,0.0050,-0.0059,-0.0151,0.0282,0.0282,0.0699
1544359241.0000,2031,45640.9997,-68.8258,-27.2609,0.6118,0.0200,0.0200,0.0497,0.9993,-0.0037,-0.0001,0.0371,0.0024,0.7608,0.0024,-0.0058,0.0010,-0.0387,0.0282,0.0282,0.0699
1544359242.0000,2031,45641.9997,-68.8325,-27.2513,0.6503,0.0200,0.0200,0.0497,0.9993,-0.0176,-0.0006,0.0338,0.0100,0.7658,0.0100,-0.0067,0.0096,0.0385,0.0282,0.0282,0.0699
1544359243.0000,2031,45642.9997,-68.8247,-27.2612,0.6574,0.0200,0.0200,0.0497,0.9990,-0.0246,-0.0008,0.0369,0.0059,0.7707,0.0059,0.0078,-0.0099,0.0071,0.0282,0.0282,0.0699
1544359244.0000,2031,45643.9997,-68.8238,-27.2582,0.6672,0.0200,0.0200,0.0497,0.9990,-0.0216,-0.0007,0.0386,0.0030,0.7756,0.0030,0.0009,0.0030,0.0098,0.0282,0.0282,0.0699
1544359245.0000,2031,45644.9997,-68.8255,-27.2564,0.6716,0.0200,0.0200,0.0497,0.9990,-0.0278,-0.0010,0.0363,0.0068,0.7805,0.0068,-0.0017,0.0018,0.0044,0.0282,0.0282,0.0699
1544359246.0000,2031,45645.9997,-68.8259,-27.2609,0.6624,0.0200,0.0200,0.0497,0.9990,-0.0241,-0.0008,0.0377,0.0048,0.7854,0.0048,-0.0004,-0.0045,-0.0092,0.0282,0.0282,0.0699
1544359247.0000,2031,45646.9997,-68.8198,-27.2625,0.6485,0.0200,0.0200,0.0497,0.9991,-0.0192,-0.0006,0.0381,0.0026,0.7902,0.0026,0.0062,-0.0016,-0.0139,0.0282,0.0282,0.0699
1544359248.0000,2031,45647.9997,-68.8272,-27.2570,0.6613,0.0200,0.0200,0.0497,0.9991,-0.0248,-0.0009,0.0353,0.0084,0.7950,0.0084,-0.0075,0.0054,0.0128,0.0282,0.0282,0.0699
1544359249.0000,2031,45648.9997,-68.8168,-27.2638,0.6422,0.0200,0.0200,0.0497,0.9992,-0.0151,-0.0004,0.0379,0.0003,0.7998,0.0003,0.0104,-0.0067,-0.0191,0.0282,0.0282,0.0699
1544359250.0000,2031,45649.9997,-68.8184,-27.2641,0.6375,0.0200,0.0200,0.0497,0.9991,-0.0198,-0.0006,0.0369,0.0050,0.8046,0.0050,-0.0016,-0.0003,-0.0047,0.0282,0.0282,0.0699
1544359251.0000,2031,45650.9997,-68.8250,-27.2578,0.6644,0.0200,0.0200,0.0497,0.9992,-0.0161,-0.0005,0.0367,0.0015,0.8093,0.0015,-0.0066,0.0063,0.0269,0.0282,0.0282,0.0699
1544359252.0000,2031,45651.9997,-68.8236,-27.2584,0.6595,0.0200,0.0200,0.0497,0.9990,-0.0201,-0.0006,0.0390,0.0004,0.8140,0.0004,0.0014,-0.0006,-0.0049,0.0282,0.0282,0.0699
1544359253.0000,2031,45652.9997,-68.8277,-27.2573,0.6632,0.0200,0.0200,0.0497,0.9991,-0.0256,-0.0009,0.0345,0.0054,0.8186,0.0054,-0.0041,0.0011,0.0038,0.0282,0.0282,0.0699
1544359254.0000,2031,45653.9997,-68.8110,-27.2638,0.7007,0.0200,0.0200,0.0497,0.9983,-0.0412,-0.0013,0.0409,0.0025,0.8233,0.0025,0.0168,-0.0065,0.0375,0.0282,0.0282,0.0699
1544359255.0000,2031,45654.9997,-68.8288,-27.2568,0.6203,0.0200,0.0200,0.0497,0.9993,-0.0123,-0.0003,0.0361,0.0068,0.8279,0.0068,-0.0179,0.0070,-0.0804,0.0282,0.0282,0.0699
1544359256.0000,2031,45655.9997,-68.8317,-27.2585,0.6124,0.0200,0.0200,0.0497,0.9994,-0.0041,-0.0000,0.0339,0.0013,0.8325,0.0013,-0.0029,-0.0017,-0.0079,0.0282,0.0282,0.0699
1544359257.0000,2031,45656.9997,-68.6842,-27.3152,1.1376,0.0200,0.0200,0.0497,0.9994,-0.0046,-0.0001,0.0350,0.0873,0.8370,0.0873,0.1475,-0.0567,0.5253,0.0282,0.0282,0.0699
1544359258.0000,2031,45657.9997,-68.6207,-27.3139,1.3340,0.0200,0.0200,0.0497,0.9993,-0.0051,-0.0001,0.0362,0.0714,0.8416,0.0714,0.0635,0.0013,0.1963,0.0282,0.0282,0.0699
1544359259.0000,2031,45658.9997,-68.8244,-27.2610,0.6168,0.0200,0.0200,0.0497,0.9993,-0.0056,-0.0001,0.0373,0.0069,0.8461,0.0069,-0.2036,0.0528,-0.7172,0.0282,0.0282,0.0699
1544359260.0000,2031,45659.9997,-68.8253,-27.2573,0.6224,0.0200,0.0200,0.0497,0.9993,-0.0111,-0.0003,0.0356,0.0036,0.8506,0.0036,-0.0009,0.0038,0.0056,0.0282,0.0282,0.0699
1544359261.0000,2031,45660.9997,-68.8658,-27.2506,0.7226,0.0200,0.0200,0.0497,0.9999,-0.0106,-0.0006,0.0076,0.0098,0.8550,0.0098,-0.0405,0.0067,0.1002,0.0282,0.0282,0.0699
1544359262.0000,2031,45661.9997,-68.8982,-27.2595,0.8908,0.0200,0.0200,0.0497,0.9999,-0.0083,-0.0006,0.0079,0.0014,0.8595,0.0014,-0.0324,-0.0089,0.1682,0.0282,0.0282,0.0699
1544359263.0000,2031,45662.9997,-68.9910,-27.2503,0.9970,0.0200,0.0200,0.0497,0.9998,-0.0053,-0.0008,-0.0208,0.0008,0.8639,0.0008,-0.0928,0.0091,0.1062,0.0282,0.0282,0.0699
1544359264.0000,2031,45663.9997,-69.0414,-27.1997,1.0102,0.0200,0.0200,0.0497,0.9995,-0.0167,-0.0006,-0.0249,0.0015,0.8683,0.0015,-0.0505,0.0506,0.0132,0.0282,0.0282,0.0699
1544359265.0000,2031,45664.9997,-68.9805,-27.1720,1.0190,0.0200,0.0200,0.0497,0.9985,-0.0230,0.0008,0.0505,0.0063,0.8727,0.0063,0.0609,0.0277,0.0088,0.0282,0.0282,0.0699
1544359266.0000,2031,45665.9997,-68.8865,-27.0607,0.9718,0.0200,0.0200,0.0497,0.9834,0.0124,0.0056,0.1810,0.0036,0.8770,0.0036,0.0940,0.1112,-0.0471,0.0282,0.0282,0.0699
1544359267.0000,2031,45666.9997,-68.8425,-26.6694,0.9789,0.0200,0.0200,0.0497,0.9362,0.0058,0.0020,0.3514,0.0062,0.8813,0.0062,0.0440,0.3913,0.0071,0.0282,0.0282,0.0699
1544359268.0000,2031,45667.9997,-68.7271,-26.4978,0.9567,0.0200,0.0200,0.0497,0.8831,0.0190,0.0061,0.4688,0.0039,0.8857,0.0039,0.1154,0.1716,-0.0222,0.0282,0.0282,0.0699
1544359269.0000,2031,45668.9997,-68.7696,-26.2649,0.9514,0.0200,0.0200,0.0497,0.8066,0.0365,0.0123,0.5899,0.0070,0.8899,0.0070,-0.0425,0.2329,-0.0053,0.0282,0.0282,0.0699
1544359270.0000,2031,45669.9997,-68.8640,-26.1286,0.9277,0.0200,0.0200,0.0497,0.7552,0.0369,0.0088,0.6544,0.0005,0.8942,0.0005,-0.0944,0.1363,-0.0237,0.0282,0.0282,0.0699
1544359271.0000,2031,45670.9997,-68.9474,-26.0569,0.9529,0.0200,0.0200,0.0497,0.7363,0.0088,-0.0168,0.6764,0.0051,0.8985,0.0051,-0.0834,0.0718,0.0252,0.0282,0.0282,0.0699
1544359272.0000,2031,45671.9997,-68.8702,-25.8465,0.9634,0.0200,0.0200,0.0497,0.7787,0.0089,-0.0171,0.6271,0.0009,0.9027,0.0009,0.0772,0.2104,0.0105,0.0282,0.0282,0.0699
1544359273.0000,2031,45672.9997,-68.8476,-25.5069,0.9719,0.0200,0.0200,0.0497,0.8003,0.0211,-0.0074,0.5992,0.0034,0.9069,0.0034,0.0226,0.3396,0.0085,0.0282,0.0282,0.0699
1544359274.0000,2031,45673.9997,-68.7917,-25.1745,0.9756,0.0200,0.0200,0.0497,0.8162,0.0249,-0.0042,0.5772,0.0000,0.9111,0.0000,0.0558,0.3323,0.0037,0.0282,0.0282,0.0699
1544359275.0000,2031,45674.9997,-68.6784,-24.8533,0.9765,0.0200,0.0200,0.0497,0.8335,0.0019,-0.0197,0.5521,0.0028,0.9153,0.0028,0.1133,0.3213,0.0009,0.0282,0.0282,0.0699
1544359276.0000,2031,45675.9997,-68.5940,-24.4396,0.9769,0.0200,0.0200,0.0497,0.8458,0.0105,-0.0143,0.5332,0.0021,0.9194,0.0021,0.0845,0.4136,0.0004,0.0282,0.0282,0.0699
1544359277.0000,2031,45676.9997,-68.3985,-24.0117,0.9777,0.0200,0.0200,0.0497,0.8387,0.0136,-0.0123,0.5442,0.0045,0.9235,0.0045,0.1954,0.4279,0.0007,0.0282,0.0282,0.0699
1544359278.0000,2031,45677.9997,-68.3119,-23.6320,0.9735,0.0200,0.0200,0.0497,0.8489,0.0096,-0.0148,0.5283,0.0014,0.9277,0.0014,0.0866,0.3797,-0.0042,0.0282,0.0282,0.0699
1544359279.0000,2031,45678.9997,-68.1182,-23.1905,0.9427,0.0200,0.0200,0.0497,0.8427,0.0224,-0.0069,0.5379,0.0003,0.9318,0.0003,0.1937,0.4415,-0.0308,0.0282,0.0282,0.0699
1544359280.0000,2031,45679.9997,-67.9854,-22.7435,0.9831,0.0200,0.0200,0.0497,0.8365,-0.0012,-0.0221,0.5475,0.0058,0.9358,0.0058,0.1328,0.4470,0.0404,0.0282,0.0282,0.0699
1544359281.0000,2031,45680.9997,-67.8640,-22.3190,0.9618,0.0200,0.0200,0.0497,0.8449,0.0199,-0.0086,0.5344,0.0011,0.9399,0.0011,0.1214,0.4245,-0.0213,0.0282,0.0282,0.0699
1544359282.0000,2031,45681.9997,-67.6778,-21.9268,0.9825,0.0200,0.0200,0.0497,0.8339,-0.0002,-0.0215,0.5516,0.0061,0.9439,0.0061,0.1862,0.3922,0.0207,0.0282,0.0282,0.0699
1544359283.0000,2031,45682.9997,-67.5930,-21.5531,0.9870,0.0200,0.0200,0.0497,0.8441,0.0058,-0.0179,0.5359,0.0019,0.9480,0.0019,0.0847,0.3737,0.0044,0.0282,0.0282,0.0699
1544359284.0000,2031,45683.9997,-67.4199,-21.1215,0.9474,0.0200,0.0200,0.0497,0.8257,0.0084,-0.0160,0.5638,0.0016,0.9520,0.0016,0.1731,0.4316,-0.0396,0.0282,0.0282,0.0699
1544359285.0000,2031,45684.9997,-67.3166,-20.6995,0.9560,0.0200,0.0200,0.0497,0.8253,0.0100,-0.0149,0.5644,0.0037,0.9560,0.0037,0.1033,0.4220,0.0086,0.0282,0.0282,0.0699
1544359286.0000,2031,45685.9997,-67.2144,-20.2834,0.9525,0.0200,0.0200,0.0497,0.8266,0.0128,-0.0130,0.5625,0.0005,0.9599,0.0005,0.1022,0.4162,-0.0035,0.0282,0.0282,0.0699
1544359287.0000,2031,45686.9997,-67.0670,-19.8499,0.9647,0.0200,0.0200,0.0497,0.8144,0.0078,-0.0165,0.5801,0.0063,0.9639,0.0063,0.1473,0.4335,0.0121,0.0282,0.0282,0.0699
1544359288.0000,2031,45687.9997,-67.0248,-19.4230,0.9618,0.0200,0.0200,0.0497,0.8210,0.0103,-0.0148,0.5706,0.0006,0.9678,0.0006,0.0422,0.4269,-0.0028,0.0282,0.0282,0.0699
1544359289.0000,2031,45688.9997,-66.9283,-18.9602,0.9557,0.0200,0.0200,0.0497,0.8037,0.0119,-0.0137,0.5947,0.0041,0.9718,0.0041,0.0965,0.4628,-0.0061,0.0282,0.0282,0.0699
1544359290.0000,2031,45689.9997,-66.8537,-18.5341,0.9580,0.0200,0.0200,0.0497,0.7895,0.0122,-0.0135,0.6135,0.0056,0.9757,0.0056,0.0746,0.4261,0.0023,0.0282,0.0282,0.0699
1544359291.0000,2031,45690.9997,-66.8406,-18.1298,0.9597,0.0200,0.0200,0.0497,0.7897,0.0087,-0.0162,0.6132,0.0036,0.9796,0.0036,0.0131,0.4043,0.0017,0.0282,0.0282,0.0699
1544359292.0000,2031,45691.9997,-66.7635,-17.6365,0.9731,0.0200,0.0200,0.0497,0.7582,0.0017,-0.0214,0.6517,0.0008,0.9834,0.0008,0.0771,0.4933,0.0134,0.0282,0.0282,0.0699
1544359293.0000,2031,45692.9997,-66.8097,-17.2530,0.9859,0.0200,0.0200,0.0497,0.7698,-0.0015,-0.0244,0.6378,0.0045,0.9873,0.0045,-0.0462,0.3835,0.0128,0.0282,0.0282,0.0699
1544359294.0000,2031,45693.9997,-66.7263,-16.8229,0.9414,0.0200,0.0200,0.0497,0.7645,0.0164,-0.0094,0.6443,0.0005,0.9912,0.0005,0.0834,0.4300,-0.0445,0.0282,0.0282,0.0699
1544359295.0000,2031,45694.9997,-66.7181,-16.4527,0.9728,0.0200,0.0200,0.0497,0.7714,0.0029,-0.0207,0.6360,0.0044,0.9950,0.0044,0.0082,0.3703,0.0314,0.0282,0.0282,0.0699
1544359296.0000,2031,45695.9997,-66.6481,-16.0671,0.9482,0.0200,0.0200,0.0497,0.7613,0.0049,-0.0188,0.6481,0.0618,0.9988,0.0618,0.0700,0.3856,-0.0246,0.0282,0.0282,0.0699
1544359297.0000,2031,45696.9997,-66.5918,-15.6216,0.9784,0.0200,0.0200,0.0497,0.7510,0.0068,-0.0170,0.6601,0.0037,1.0026,0.0037,0.0562,0.4455,0.0303,0.0282,0.0282,0.0699
1544359298.0000,2031,45697.9997,-66.5627,-15.3022,0.9294,0.0200,0.0200,0.0497,0.7665,0.0273,0.0008,0.6416,0.0050,1.0064,0.0050,0.0291,0.3194,-0.0490,0.0282,0.0282,0.0699
1544359299.0000,2031,45698.9997,-66.5369,-14.8546,0.9715,0.0200,0.0200,0.0497,0.7362,0.0061,-0.0182,0.6765,0.0015,1.0102,0.0015,0.0259,0.4476,0.0421,0.0282,0.0282,0.0699
1544359300.0000,2031,45699.9997,-66.6051,-14.5265,1.0030,0.0200,0.0200,0.0497,0.7458,0.0059,-0.0185,0.6658,0.0006,1.0139,0.0006,-0.0682,0.3281,0.0315,0.0282,0.0282,0.0699
1544359301.0000,2031,45700.9997,-66.5729,-14.1389,0.9883,0.0200,0.0200,0.0497,0.7236,0.0184,-0.0070,0.6899,0.0020,1.0177,0.0020,0.0322,0.3875,-0.0147,0.0282,0.0282,0.0699
1544359302.0000,2031,45701.9997,-66.6728,-13.8158,1.0282,0.0200,0.0200,0.0497,0.7128,0.0052,-0.0198,0.7011,0.0028,1.0214,0.0028,-0.0999,0.3232,0.0399,0.0282,0.0282,0.0699
1544359303.0000,2031,45702.9997,-66.6899,-13.3870,1.0126,0.0200,0.0200,0.0497,0.6866,0.0102,-0.0143,0.7268,0.0016,1.0251,0.0016,-0.0171,0.4287,-0.0157,0.0282,0.0282,0.0699
1544359304.0000,2031,45703.9997,-66.7898,-13.0643,1.0289,0.0200,0.0200,0.0497,0.6956,0.0013,-0.0239,0.7180,0.0033,1.0289,0.0033,-0.0999,0.3228,0.0164,0.0282,0.0282,0.0699
1544359305.0000,2031,45704.9997,-66.8544,-12.6871,1.0324,0.0200,0.0200,0.0497,0.6808,0.0093,-0.0151,0.7323,0.0010,1.0326,0.0010,-0.0646,0.3772,0.0035,0.0282,0.0282,0.0699
1544359306.0000,2031,45705.9997,-66.9548,-12.3701,1.0346,0.0200,0.0200,0.0497,0.6726,0.0056,-0.0189,0.7398,0.0013,1.0362,0.0013,-0.1004,0.3170,0.0022,0.0282,0.0282,0.0699
1544359307.0000,2031,45706.9997,-67.0573,-12.0354,1.0217,0.0200,0.0200,0.0497,0.6619,0.0179,-0.0052,0.7493,0.0047,1.0399,0.0047,-0.1025,0.3347,-0.0129,0.0282,0.0282,0.0699
1544359308.0000,2031,45707.9997,-67.1195,-11.6557,1.0495,0.0200,0.0200,0.0497,0.6426,0.0076,-0.0172,0.7660,0.0040,1.0436,0.0040,-0.0622,0.3797,0.0278,0.0282,0.0282,0.0699
1544359309.0000,2031,45708.9997,-67.2843,-11.3372,1.0772,0.0200,0.0200,0.0497,0.6492,0.0044,-0.0211,0.7603,0.0081,1.0472,0.0081,-0.1648,0.3185,0.0276,0.0282,0.0282,0.0699
1544359310.0000,2031,45709.9997,-67.3781,-10.9552,1.0444,0.0200,0.0200,0.0497,0.6291,0.0100,-0.0140,0.7771,0.0061,1.0508,0.0061,-0.0938,0.3820,-0.0327,0.0282,0.0282,0.0699
1544359311.0000,2031,45710.9997,-67.5342,-10.6584,1.0569,0.0200,0.0200,0.0497,0.6366,0.0029,-0.0228,0.7709,0.0078,1.0544,0.0078,-0.1561,0.2968,0.0125,0.0282,0.0282,0.0699
1544359312.0000,2031,45711.9997,-67.5957,-10.3388,1.0294,0.0200,0.0200,0.0497,0.6347,0.0209,-0.0010,0.7725,0.0029,1.0580,0.0029,-0.0616,0.3196,-0.0275,0.0282,0.0282,0.0699
1544359313.0000,2031,45712.9997,-67.7742,-10.1053,1.1058,0.0200,0.0200,0.0497,0.6240,-0.0032,-0.0306,0.7809,0.0028,1.0616,0.0028,-0.1785,0.2335,0.0764,0.0282,0.0282,0.0699
1544359314.0000,2031,45713.9997,-67.8964,-9.7112,1.0809,0.0200,0.0200,0.0497,0.5950,0.0061,-0.0174,0.8035,0.0003,1.0652,0.0003,-0.1221,0.3941,-0.0249,0.0282,0.0282,0.0699
1544359315.0000,2031,45714.9997,-68.0649,-9.4710,1.0787,0.0200,0.0200,0.0497,0.6151,0.0076,-0.0159,0.7882,0.0029,1.0688,0.0029,-0.1686,0.2402,-0.0022,0.0282,0.0282,0.0699
1544359316.0000,2031,45715.9997,-68.1476,-9.1484,1.0914,0.0200,0.0200,0.0497,0.6031,0.0115,-0.0106,0.7975,0.0014,1.0723,0.0014,-0.0827,0.3225,0.0127,0.0282,0.0282,0.0699
1544359317.0000,2031,45716.9997,-68.3381,-8.8525,1.0987,0.0200,0.0200,0.0497,0.6142,0.0118,-0.0103,0.7890,0.0018,1.0759,0.0018,-0.1904,0.2960,0.0073,0.0282,0.0282,0.0699
1544359318.0000,2031,45717.9997,-68.4914,-8.5186,1.1159,0.0200,0.0200,0.0497,0.6041,0.0076,-0.0157,0.7967,0.0002,1.0794,0.0002,-0.1533,0.3339,0.0172,0.0282,0.0282,0.0699
1544359319.0000,2031,45718.9997,-68.6137,-8.2277,1.1293,0.0200,0.0200,0.0497,0.5859,-0.0007,-0.0263,0.8099,0.0055,1.0829,0.0055,-0.1224,0.2909,0.0134,0.0282,0.0282,0.0699
1544359320.0000,2031,45719.9997,-68.7709,-7.9710,1.1417,0.0200,0.0200,0.0497,0.6024,0.0069,-0.0165,0.7980,0.0002,1.0865,0.0002,-0.1571,0.2567,0.0125,0.0282,0.0282,0.0699
1544359321.0000,2031,45720.9997,-68.8569,-7.6411,1.1610,0.0200,0.0200,0.0497,0.5877,0.0132,-0.0079,0.8089,0.0008,1.0900,0.0008,-0.0860,0.3299,0.0193,0.0282,0.0282,0.0699
1544359322.0000,2031,45721.9997,-69.0109,-7.3705,1.1701,0.0200,0.0200,0.0497,0.6004,0.0077,-0.0154,0.7995,0.0004,1.0934,0.0004,-0.1540,0.2707,0.0090,0.0282,0.0282,0.0699
1544359323.0000,2031,45722.9997,-69.0760,-7.0343,1.1766,0.0200,0.0200,0.0497,0.5767,0.0130,-0.0080,0.8168,0.0004,1.0969,0.0004,-0.0651,0.3362,0.0066,0.0282,0.0282,0.0699
1544359324.0000,2031,45723.9997,-69.2222,-6.7829,1.1992,0.0200,0.0200,0.0497,0.6004,0.0041,-0.0206,0.7994,0.0027,1.1004,0.0027,-0.1462,0.2514,0.0226,0.0282,0.0282,0.0699
1544359325.0000,2031,45724.9997,-69.2842,-6.5014,1.1961,0.0200,0.0200,0.0497,0.5816,0.0105,-0.0114,0.8134,0.0008,1.1038,0.0008,-0.0620,0.2815,-0.0031,0.0282,0.0282,0.0699
1544359326.0000,2031,45725.9997,-69.4596,-6.2291,1.2080,0.0200,0.0200,0.0497,0.5685,0.0088,-0.0138,0.8225,0.0036,1.1073,0.0036,-0.1754,0.2723,0.0119,0.0282,0.0282,0.0699
1544359327.0000,2031,45726.9997,-69.6209,-5.9523,1.2076,0.0200,0.0200,0.0497,0.5556,0.0125,-0.0083,0.8313,0.0045,1.1107,0.0045,-0.1613,0.2768,-0.0004,0.0282,0.0282,0.0699
1544359328.0000,2031,45727.9997,-69.7884,-5.7459,1.2203,0.0200,0.0200,0.0497,0.5440,0.0026,-0.0230,0.8388,0.0029,1.1141,0.0029,-0.1676,0.2063,0.0127,0.0282,0.0282,0.0699
1544359329.0000,2031,45728.9997,-69.9627,-5.5035,1.1586,0.0200,0.0200,0.0497,0.5645,0.0059,-0.0188,0.8252,0.0030,1.1176,0.0030,-0.1743,0.2424,-0.0617,0.0282,0.0282,0.0699
1544359330.0000,2031,45729.9997,-70.0430,-5.2062,1.1438,0.0200,0.0200,0.0497,0.5583,0.0148,-0.0055,0.8295,0.0016,1.1210,0.0016,-0.0803,0.2973,-0.0148,0.0282,0.0282,0.0699
1544359331.0000,2031,45730.9997,-70.2022,-4.9905,1.1645,0.0200,0.0200,0.0497,0.5814,0.0079,-0.0156,0.8134,0.0012,1.1243,0.0012,-0.1592,0.2158,0.0207,0.0282,0.0282,0.0699
1544359332.0000,2031,45731.9997,-70.3239,-4.6884,1.1513,0.0200,0.0200,0.0497,0.5765,0.0054,-0.0190,0.8168,0.0015,1.1277,0.0015,-0.1217,0.3021,-0.0132,0.0282,0.0282,0.0699
1544359333.0000,2031,45732.9997,-70.4904,-4.4343,1.1369,0.0200,0.0200,0.0497,0.5568,0.0046,-0.0197,0.8304,0.0003,1.1311,0.0003,-0.1665,0.2540,-0.0144,0.0282,0.0282,0.0699
1544359334.0000,2031,45733.9997,-70.7068,-4.1551,1.1472,0.0200,0.0200,0.0497,0.5519,0.0055,-0.0182,0.8337,0.0026,1.1345,0.0026,-0.2164,0.2792,0.0103,0.0282,0.0282,0.0699
1544359335.0000,2031,45734.9997,-70.8789,-3.8128,1.1065,0.0200,0.0200,0.0497,0.5243,0.0086,-0.0128,0.8514,0.0033,1.1378,0.0033,-0.1720,0.3423,-0.0407,0.0282,0.0282,0.0699
1544359336.0000,2031,45735.9997,-71.0528,-3.6018,1.1397,0.0200,0.0200,0.0497,0.5400,0.0065,-0.0163,0.8415,0.0016,1.1412,0.0016,-0.1740,0.2110,0.0332,0.0282,0.0282,0.0699
1544359337.0000,2031,45736.9997,-71.2194,-3.2570,1.1309,0.0200,0.0200,0.0497,0.5383,0.0070,-0.0156,0.8426,0.0016,1.1445,0.0016,-0.1665,0.3447,-0.0088,0.0282,0.0282,0.0699
1544359338.0000,2031,45737.9997,-71.3998,-2.9566,1.1532,0.0200,0.0200,0.0497,0.5315,0.0022,-0.0229,0.8467,0.0039,1.1478,0.0039,-0.1805,0.3004,0.0223,0.0282,0.0282,0.0699
1544359339.0000,2031,45738.9997,-71.6141,-2.7192,1.1431,0.0200,0.0200,0.0497,0.5430,0.0078,-0.0144,0.8396,0.0035,1.1511,0.0035,-0.2142,0.2374,-0.0101,0.0282,0.0282,0.0699
1544359340.0000,2031,45739.9997,-71.7240,-2.4309,1.1098,0.0200,0.0200,0.0497,0.5202,0.0055,-0.0175,0.8539,0.0024,1.1544,0.0024,-0.1099,0.2883,-0.0333,0.0282,0.0282,0.0699
1544359341.0000,2031,45740.9997,-71.9239,-2.2026,1.1225,0.0200,0.0200,0.0497,0.5372,0.0099,-0.0108,0.8433,0.0048,1.1577,0.0048,-0.1999,0.2284,0.0127,0.0282,0.0282,0.0699
1544359342.0000,2031,45741.9997,-71.9878,-1.9465,1.0961,0.0200,0.0200,0.0497,0.5147,0.0131,-0.0056,0.8572,0.0007,1.1610,0.0007,-0.0639,0.2560,-0.0264,0.0282,0.0282,0.0699
1544359343.0000,2031,45742.9997,-72.1804,-1.7901,1.1019,0.0200,0.0200,0.0497,0.5259,0.0160,-0.0008,0.8504,0.0019,1.1643,0.0019,-0.1926,0.1565,0.0058,0.0282,0.0282,0.0699
1544359344.0000,2031,45743.9997,-72.2910,-1.5399,1.1366,0.0200,0.0200,0.0497,0.5266,0.0088,-0.0124,0.8500,0.0006,1.1675,0.0006,-0.1106,0.2502,0.0346,0.0282,0.0282,0.0699
1544359345.0000,2031,45744.9997,-72.4777,-1.4268,1.1227,0.0200,0.0200,0.0497,0.5189,0.0038,-0.0204,0.8546,0.0005,1.1708,0.0005,-0.1867,0.1131,-0.0139,0.0282,0.0282,0.0699
1544359346.0000,2031,45745.9997,-72.6323,-1.1168,1.1616,0.0200,0.0200,0.0497,0.4746,0.0021,-0.0216,0.8799,0.0011,1.1741,0.0011,-0.1546,0.3100,0.0390,0.0282,0.0282,0.0699
1544359347.0000,2031,45746.9997,-72.8302,-0.9172,1.1718,0.0200,0.0200,0.0497,0.4743,0.0023,-0.0212,0.8801,0.0005,1.1773,0.0005,-0.1979,0.1996,0.0102,0.0282,0.0282,0.0699
1544359348.0000,2031,45747.9997,-72.9423,-0.6715,1.1582,0.0200,0.0200,0.0497,0.4767,0.0054,-0.0155,0.8789,0.0018,1.1805,0.0018,-0.1122,0.2457,-0.0136,0.0282,0.0282,0.0699
1544359349.0000,2031,45748.9997,-73.0704,-0.5993,1.1931,0.0200,0.0200,0.0497,0.5026,0.0059,-0.0153,0.8644,0.0011,1.1837,0.0011,-0.1280,0.0722,0.0349,0.0282,0.0282,0.0699
1544359350.0000,2031,45749.9997,-73.1947,-0.2994,1.2355,0.0200,0.0200,0.0497,0.4877,-0.0021,-0.0287,0.8725,0.0017,1.1870,0.0017,-0.1243,0.2999,0.0424,0.0282,0.0282,0.0699
1544359351.0000,2031,45750.9997,-73.3212,-0.1867,1.2063,0.0200,0.0200,0.0497,0.5058,0.0026,-0.0214,0.8624,0.0038,1.1902,0.0038,-0.1265,0.1127,-0.0292,0.0282,0.0282,0.0699
1544359352.0000,2031,45751.9997,-73.4070,0.0295,1.2193,0.0200,0.0200,0.0497,0.5063,0.0010,-0.0242,0.8620,0.0014,1.1934,0.0014,-0.0858,0.2161,0.0130,0.0282,0.0282,0.0699
1544359353.0000,2031,45752.9997,-73.5175,0.1302,1.2519,0.0200,0.0200,0.0497,0.5159,0.0043,-0.0190,0.8564,0.0019,1.1965,0.0019,-0.1105,0.1007,0.0326,0.0282,0.0282,0.0699
1544359354.0000,2031,45753.9997,-73.6153,0.3692,1.2611,0.0200,0.0200,0.0497,0.5007,0.0032,-0.0202,0.8654,0.0019,1.1997,0.0019,-0.0978,0.2390,0.0093,0.0282,0.0282,0.0699
1544359355.0000,2031,45754.9997,-73.7876,0.5311,1.2886,0.0200,0.0200,0.0497,0.5035,-0.0001,-0.0262,0.8636,0.0015,1.2029,0.0015,-0.1723,0.1619,0.0274,0.0282,0.0282,0.0699
1544359356.0000,2031,45755.9997,-73.9526,0.5970,1.3214,0.0200,0.0200,0.0497,0.5268,-0.0009,-0.0286,0.8495,0.0013,1.2060,0.0013,-0.1650,0.0659,0.0329,0.0282,0.0282,0.0699
1544359357.0000,2031,45756.9997,-74.1046,0.7881,1.3005,0.0200,0.0200,0.0497,0.4950,-0.0125,-0.0457,0.8676,0.0015,1.2092,0.0015,-0.1520,0.1911,-0.0210,0.0282,0.0282,0.0699
1544359358.0000,2031,45757.9997,-74.2726,0.9336,1.3383,0.0200,0.0200,0.0497,0.5210,-0.0068,-0.0385,0.8526,0.0030,1.2123,0.0030,-0.1680,0.1455,0.0378,0.0282,0.0282,0.0699
1544359359.0000,2031,45758.9997,-74.3516,1.1569,1.3028,0.0200,0.0200,0.0497,0.5078,0.0023,-0.0225,0.8612,0.0014,1.2155,0.0014,-0.0790,0.2233,-0.0355,0.0282,0.0282,0.0699
1544359360.0000,2031,45759.9997,-74.4641,1.3264,1.3298,0.0200,0.0200,0.0497,0.4870,-0.0002,-0.0258,0.8730,0.0011,1.2186,0.0011,-0.1125,0.1696,0.0270,0.0282,0.0282,0.0699
1544359361.0000,2031,45760.9997,-74.4549,1.4705,1.3043,0.0200,0.0200,0.0497,0.4806,0.0145,0.0009,0.8768,0.0005,1.2217,0.0005,0.0092,0.1441,-0.0255,0.0282,0.0282,0.0699
1544359362.0000,2031,45761.9997,-74.6111,1.6299,1.3754,0.0200,0.0200,0.0497,0.5007,0.0028,-0.0201,0.8654,0.0016,1.2248,0.0016,-0.1562,0.1594,0.0710,0.0282,0.0282,0.0699
1544359363.0000,2031,45762.9997,-74.6678,1.8772,1.3907,0.0200,0.0200,0.0497,0.4962,0.0044,-0.0173,0.8681,0.0008,1.2279,0.0008,-0.0567,0.2473,0.0154,0.0282,0.0282,0.0699
1544359364.0000,2031,45763.9997,-74.8004,2.0332,1.4690,0.0200,0.0200,0.0497,0.5116,0.0029,-0.0202,0.8590,0.0004,1.2310,0.0004,-0.1326,0.1561,0.0783,0.0282,0.0282,0.0699
1544359365.0000,2031,45764.9997,-74.8927,2.3287,1.4579,0.0200,0.0200,0.0497,0.4924,0.0065,-0.0136,0.8702,0.0014,1.2341,0.0014,-0.0923,0.2954,-0.0112,0.0282,0.0282,0.0699
1544359366.0000,2031,45765.9997,-75.0601,2.4130,1.5958,0.0200,0.0200,0.0497,0.5192,-0.0072,-0.0382,0.8538,0.0033,1.2372,0.0033,-0.1674,0.0843,0.1380,0.0282,0.0282,0.0699
1544359367.0000,2031,45766.9997,-75.1621,2.5948,1.5100,0.0200,0.0200,0.0497,0.4853,-0.0052,-0.0321,0.8737,0.0030,1.2403,0.0030,-0.1020,0.1817,-0.0858,0.0282,0.0282,0.0699
1544359368.0000,2031,45767.9997,-75.2843,2.8578,1.5514,0.0200,0.0200,0.0497,0.5107,-0.0010,-0.0265,0.8593,0.0030,1.2434,0.0030,-0.1222,0.2631,0.0414,0.0282,0.0282,0.0699
1544359369.0000,2031,45768.9997,-75.3714,3.0690,1.5644,0.0200,0.0200,0.0497,0.5458,0.0056,-0.0172,0.8377,0.0005,1.2464,0.0005,-0.0871,0.2112,0.0130,0.0282,0.0282,0.0699
1544359370.0000,2031,45769.9997,-75.4628,3.3358,1.6150,0.0200,0.0200,0.0497,0.5601,0.0021,-0.0229,0.8281,0.0006,1.2495,0.0006,-0.0914,0.2668,0.0506,0.0282,0.0282,0.0699
1544359371.0000,2031,45770.9997,-75.5212,3.6355,1.6509,0.0200,0.0200,0.0497,0.5628,0.0004,-0.0255,0.8262,0.0000,1.2525,0.0000,-0.0584,0.2997,0.0359,0.0282,0.0282,0.0699
1544359372.0000,2031,45771.9997,-75.5855,3.8128,1.7058,0.0200,0.0200,0.0497,0.6091,-0.0044,-0.0347,0.7923,0.0002,1.2555,0.0002,-0.0643,0.1773,0.0549,0.0282,0.0282,0.0699
1544359373.0000,2031,45772.9997,-75.5928,4.0555,1.7104,0.0200,0.0200,0.0497,0.6064,-0.0051,-0.0354,0.7944,0.0004,1.2586,0.0004,-0.0073,0.2427,0.0046,0.0282,0.0282,0.0699
1544359374.0000,2031,45773.9997,-75.6759,4.3453,1.7763,0.0200,0.0200,0.0497,0.6152,-0.0081,-0.0399,0.7873,0.0003,1.2616,0.0003,-0.0831,0.2898,0.0659,0.0282,0.0282,0.0699
1544359375.0000,2031,45774.9997,-75.6639,4.6642,1.7974,0.0200,0.0200,0.0497,0.5924,0.0100,-0.0151,0.8054,0.0022,1.2646,0.0022,0.0120,0.3189,0.0212,0.0282,0.0282,0.0699
1544359376.0000,2031,45775.9997,-75.8275,4.9156,1.8226,0.0200,0.0200,0.0497,0.5948,0.0091,-0.0164,0.8036,0.0031,1.2676,0.0031,-0.1636,0.2514,0.0252,0.0282,0.0282,0.0699
1544359377.0000,2031,45776.9997,-75.8712,5.2287,1.8615,0.0200,0.0200,0.0497,0.5813,0.0116,-0.0127,0.8135,0.0006,1.2706,0.0006,-0.0437,0.3131,0.0389,0.0282,0.0282,0.0699
1544359378.0000,2031,45777.9997,-75.9858,5.4219,1.9070,0.0200,0.0200,0.0497,0.6276,0.0031,-0.0249,0.7781,0.0021,1.2736,0.0021,-0.1146,0.1932,0.0455,0.0282,0.0282,0.0699
1544359379.0000,2031,45778.9997,-75.9281,5.6695,1.9864,0.0200,0.0200,0.0497,0.6470,-0.0049,-0.0355,0.7616,0.0013,1.2766,0.0013,0.0577,0.2476,0.0794,0.0282,0.0282,0.0699
1544359380.0000,2031,45779.9997,-75.9888,5.7507,2.0615,0.0200,0.0200,0.0497,0.7390,-0.0184,-0.0571,0.6710,0.0019,1.2796,0.0019,-0.0607,0.0812,0.0751,0.0282,0.0282,0.0699
1544359381.0000,2031,45780.9997,-75.8253,5.9190,2.0677,0.0200,0.0200,0.0497,0.7764,-0.0128,-0.0560,0.6276,0.0029,1.2825,0.0029,0.1635,0.1683,0.0062,0.0282,0.0282,0.0699
1544359382.0000,2031,45781.9997,-75.7706,6.0636,2.1228,0.0200,0.0200,0.0497,0.8478,0.0105,-0.0440,0.5283,0.0026,1.2855,0.0026,0.0547,0.1445,0.0551,0.0282,0.0282,0.0699
1544359383.0000,2031,45782.9997,-75.5915,6.1885,2.1863,0.0200,0.0200,0.0497,0.8825,-0.0037,-0.0539,0.4672,0.0058,1.2885,0.0058,0.1791,0.1249,0.0635,0.0282,0.0282,0.0699
1544359384.0000,2031,45783.9997,-75.4986,6.2060,2.2684,0.0200,0.0200,0.0497,0.9323,-0.0291,-0.0708,0.3534,0.0050,1.2914,0.0050,0.0929,0.0175,0.0822,0.0282,0.0282,0.0699
1544359385.0000,2031,45784.9997,-75.3275,6.3006,2.2717,0.0200,0.0200,0.0497,0.9488,-0.0148,-0.0681,0.3080,0.0006,1.2944,0.0006,0.1710,0.0946,0.0033,0.0282,0.0282,0.0699
1544359386.0000,2031,45785.9997,-75.1266,6.3173,2.3257,0.0200,0.0200,0.0497,0.9606,-0.0162,-0.0700,0.2685,0.0074,1.2973,0.0074,0.2009,0.0167,0.0540,0.0282,0.0282,0.0699
1544359387.0000,2031,45786.9997,-75.0642,6.4137,2.3430,0.0200,0.0200,0.0497,0.9769,-0.0150,-0.0720,0.2006,0.0010,1.3002,0.0010,0.0624,0.0964,0.0173,0.0282,0.0282,0.0699
1544359388.0000,2031,45787.9997,-74.8443,6.4059,2.3612,0.0200,0.0200,0.0497,0.9823,0.0011,-0.0695,0.1738,0.0019,1.3032,0.0019,0.2199,-0.0079,0.0182,0.0282,0.0282,0.0699
1544359389.0000,2031,45788.9997,-74.7302,6.4500,2.4559,0.0200,0.0200,0.0497,0.9942,-0.0319,-0.0760,0.0694,0.0014,1.3061,0.0014,0.1140,0.0441,0.0947,0.0282,0.0282,0.0699
1544359390.0000,2031,45789.9997,-74.5824,6.4209,2.4618,0.0200,0.0200,0.0497,0.9964,-0.0276,-0.0787,-0.0163,0.0035,1.3090,0.0035,0.1478,-0.0291,0.0059,0.0282,0.0282,0.0699
1544359391.0000,2031,45790.9997,-74.3717,6.3629,2.4847,0.0200,0.0200,0.0497,0.9952,-0.0220,-0.0796,-0.0515,0.0035,1.3119,0.0035,0.2107,-0.0580,0.0229,0.0282,0.0282,0.0699
1544359392.0000,2031,45791.9997,-74.2054,6.3811,2.5497,0.0200,0.0200,0.0497,0.9873,-0.0424,-0.0797,-0.1308,0.0038,1.3148,0.0038,0.1663,0.0182,0.0650,0.0282,0.0282,0.0699
1544359393.0000,2031,45792.9997,-73.9460,6.2567,2.5462,0.0200,0.0200,0.0497,0.9849,-0.0218,-0.0831,-0.1504,0.0038,1.3177,0.0038,0.2594,-0.1244,-0.0034,0.0282,0.0282,0.0699
1544359394.0000,2031,45793.9997,-73.6838,6.2214,2.5965,0.0200,0.0200,0.0497,0.9799,-0.0395,-0.0806,-0.1781,0.0009,1.3206,0.0009,0.2622,-0.0353,0.0503,0.0282,0.0282,0.0699
1544359395.0000,2031,45794.9997,-73.4789,6.1916,2.6694,0.0200,0.0200,0.0497,0.9724,-0.0434,-0.0807,-0.2146,0.0029,1.3235,0.0029,0.2050,-0.0298,0.0729,0.0282,0.0282,0.0699
1544359396.0000,2031,45795.9997,-73.2487,6.0402,2.6960,0.0200,0.0200,0.0497,0.9726,-0.0448,-0.0804,-0.2136,0.0056,1.3263,0.0056,0.2302,-0.1514,0.0266,0.0282,0.0282,0.0699
1544359397.0000,2031,45796.9997,-72.9854,5.9231,2.7268,0.0200,0.0200,0.0497,0.9629,-0.0488,-0.0805,-0.2530,0.0006,1.3292,0.0006,0.2632,-0.1171,0.0308,0.0282,0.0282,0.0699
1544359398.0000,2031,45797.9997,-72.7709,5.8301,2.7799,0.0200,0.0200,0.0497,0.9542,-0.0503,-0.0809,-0.2836,0.0008,1.3321,0.0008,0.2145,-0.0929,0.0531,0.0282,0.0282,0.0699
1544359399.0000,2031,45798.9997,-72.5303,5.6349,2.8183,0.0200,0.0200,0.0497,0.9556,-0.0516,-0.0804,-0.2789,0.0033,1.3349,0.0033,0.2406,-0.1952,0.0385,0.0282,0.0282,0.0699
1544359400.0000,2031,45799.9997,-72.3281,5.5619,2.8709,0.0200,0.0200,0.0497,0.9450,-0.0598,-0.0789,-0.3118,0.0017,1.3378,0.0017,0.2022,-0.0731,0.0525,0.0282,0.0282,0.0699
1544359401.0000,2031,45800.9997,-72.0887,5.4120,2.8601,0.0200,0.0200,0.0497,0.9451,-0.0393,-0.0857,-0.3128,0.0015,1.3406,0.0015,0.2393,-0.1499,-0.0107,0.0282,0.0282,0.0699
1544359402.0000,2031,45801.9997,-71.8670,5.2175,2.9407,0.0200,0.0200,0.0497,0.9497,-0.0598,-0.0787,-0.2973,0.0048,1.3435,0.0048,0.2217,-0.1945,0.0805,0.0282,0.0282,0.0699
1544359403.0000,2031,45802.9997,-71.5790,5.1058,2.9191,0.0200,0.0200,0.0497,0.9517,-0.0324,-0.0872,-0.2927,0.0003,1.3463,0.0003,0.2880,-0.1117,-0.0216,0.0282,0.0282,0.0699
1544359404.0000,2031,45803.9997,-71.1792,4.9845,2.9167,0.0200,0.0200,0.0497,0.9696,-0.0113,-0.0930,-0.2259,0.0009,1.3491,0.0009,0.3998,-0.1213,-0.0023,0.0282,0.0282,0.0699
1544359405.0000,2031,45804.9997,-70.7376,4.9581,2.9896,0.0200,0.0200,0.0497,0.9885,-0.0387,-0.0872,-0.1173,0.0049,1.3519,0.0049,0.4416,-0.0263,0.0729,0.0282,0.0282,0.0699
1544359406.0000,2031,45805.9997,-70.4353,5.0394,3.0345,0.0200,0.0200,0.0497,0.9939,-0.0214,-0.0876,-0.0641,0.0044,1.3547,0.0044,0.3023,0.0813,0.0449,0.0282,0.0282,0.0699
1544359407.0000,2031,45806.9997,-70.0892,5.0209,3.0916,0.0200,0.0200,0.0497,0.9958,-0.0335,-0.0856,0.0038,0.0053,1.3575,0.0053,0.3461,-0.0185,0.0570,0.0282,0.0282,0.0699
1544359408.0000,2031,45807.9997,-69.9557,4.9750,3.0930,0.0200,0.0200,0.0497,0.9858,-0.0447,-0.0894,-0.1348,0.0019,1.3603,0.0019,0.1335,-0.0458,0.0014,0.0282,0.0282,0.0699
1544359409.0000,2031,45808.9997,-69.8314,4.8698,3.1292,0.0200,0.0200,0.0497,0.9613,-0.0555,-0.0911,-0.2539,0.0041,1.3631,0.0041,0.1243,-0.1052,0.0362,0.0282,0.0282,0.0699
1544359410.0000,2031,45809.9997,-69.6230,4.7117,3.1429,0.0200,0.0200,0.0497,0.9487,-0.0686,-0.0889,-0.2956,0.0004,1.3659,0.0004,0.2085,-0.1581,0.0137,0.0282,0.0282,0.0699
1544359411.0000,2031,45810.9997,-69.3659,4.6044,3.1541,0.0200,0.0200,0.0497,0.9400,-0.0585,-0.0932,-0.3228,0.0029,1.3687,0.0029,0.2571,-0.1073,0.0112,0.0282,0.0282,0.0699
1544359412.0000,2031,45811.9997,-69.1637,4.3671,3.1497,0.0200,0.0200,0.0497,0.9402,-0.0576,-0.0935,-0.3223,0.0008,1.3715,0.0008,0.2022,-0.2373,-0.0044,0.0282,0.0282,0.0699
1544359413.0000,2031,45812.9997,-69.0003,4.2502,3.1626,0.0200,0.0200,0.0497,0.9092,-0.0641,-0.0930,-0.4007,0.0009,1.3743,0.0009,0.1634,-0.1169,0.0129,0.0282,0.0282,0.0699
1544359414.0000,2031,45813.9997,-68.8264,3.9395,3.1382,0.0200,0.0200,0.0497,0.8991,-0.0734,-0.0894,-0.4222,0.0039,1.3770,0.0039,0.1739,-0.3107,-0.0244,0.0282,0.0282,0.0699
1544359415.0000,2031,45814.9997,-68.6721,3.6953,3.0941,0.0200,0.0200,0.0497,0.8672,-0.0610,-0.0971,-0.4846,0.0021,1.3798,0.0021,0.1542,-0.2442,-0.0441,0.0282,0.0282,0.0699
1544359416.0000,2031,45815.9997,-68.4667,3.3041,3.0557,0.0200,0.0200,0.0497,0.8553,-0.0639,-0.0956,-0.5052,0.0005,1.3826,0.0005,0.2054,-0.3912,-0.0384,0.0282,0.0282,0.0699
1544359417.0000,2031,45816.9997,-68.3329,2.9202,3.0109,0.0200,0.0200,0.0497,0.8595,-0.0700,-0.0919,-0.4978,0.0013,1.3853,0.0013,0.1338,-0.3839,-0.0448,0.0282,0.0282,0.0699
1544359418.0000,2031,45817.9997,-68.1283,2.6330,2.9977,0.0200,0.0200,0.0497,0.8503,-0.0738,-0.0900,-0.5133,0.0005,1.3881,0.0005,0.2046,-0.2872,-0.0132,0.0282,0.0282,0.0699
1544359419.0000,2031,45818.9997,-67.9820,2.2626,2.9644,0.0200,0.0200,0.0497,0.8646,-0.0828,-0.0839,-0.4885,0.0009,1.3908,0.0009,0.1463,-0.3704,-0.0333,0.0282,0.0282,0.0699
1544359420.0000,2031,45819.9997,-67.8059,1.9952,2.9104,0.0200,0.0200,0.0497,0.8482,-0.0676,-0.0936,-0.5170,0.0010,1.3935,0.0010,0.1762,-0.2674,-0.0539,0.0282,0.0282,0.0699
1544359421.0000,2031,45820.9997,-67.6542,1.5879,2.8395,0.0200,0.0200,0.0497,0.8584,-0.0603,-0.0978,-0.4999,0.0019,1.3963,0.0019,0.1517,-0.4072,-0.0709,0.0282,0.0282,0.0699
1544359422.0000,2031,45821.9997,-67.4340,1.2463,2.8233,0.0200,0.0200,0.0497,0.8625,-0.0650,-0.0951,-0.4928,0.0004,1.3990,0.0004,0.2202,-0.3417,-0.0163,0.0282,0.0282,0.0699
1544359423.0000,2031,45822.9997,-67.2512,0.9148,2.7768,0.0200,0.0200,0.0497,0.8609,-0.0606,-0.0976,-0.4957,0.0010,1.4017,0.0010,0.1828,-0.3314,-0.0465,0.0282,0.0282,0.0699
1544359424.0000,2031,45823.9997,-67.0463,0.6016,2.7736,0.0200,0.0200,0.0497,0.8682,-0.0815,-0.0855,-0.4819,0.0002,1.4044,0.0002,0.2049,-0.3132,-0.0032,0.0282,0.0282,0.0699
1544359425.0000,2031,45824.9997,-66.8308,0.3210,2.7552,0.0200,0.0200,0.0497,0.8612,-0.0696,-0.0926,-0.4950,0.0023,1.4071,0.0023,0.2155,-0.2806,-0.0184,0.0282,0.0282,0.0699
1544359426.0000,2031,45825.9997,-66.6500,-0.0464,2.7318,0.0200,0.0200,0.0497,0.8722,-0.0732,-0.0901,-0.4751,0.0011,1.4098,0.0011,0.1808,-0.3675,-0.0234,0.0282,0.0282,0.0699
1544359427.0000,2031,45826.9997,-66.4029,-0.3342,2.7144,0.0200,0.0200,0.0497,0.8705,-0.0563,-0.0994,-0.4788,0.0026,1.4125,0.0026,0.2471,-0.2877,-0.0174,0.0282,0.0282,0.0699
1544359428.0000,2031,45827.9997,-66.1605,-0.7040,2.6956,0.0200,0.0200,0.0497,0.9025,-0.0473,-0.1040,-0.4153,0.0007,1.4152,0.0007,0.2424,-0.3699,-0.0188,0.0282,0.0282,0.0699
1544359429.0000,2031,45828.9997,-65.8729,-0.8865,2.7055,0.0200,0.0200,0.0497,0.9203,-0.0512,-0.1021,-0.3742,0.0003,1.4179,0.0003,0.2876,-0.1825,0.0099,0.0282,0.0282,0.0699
1544359430.0000,2031,45829.9997,-65.5803,-1.1862,2.6994,0.0200,0.0200,0.0497,0.9429,-0.0393,-0.1060,-0.3133,0.0001,1.4206,0.0001,0.2926,-0.2997,-0.0061,0.0282,0.0282,0.0699
1544359431.0000,2031,45830.9997,-65.2985,-1.3453,2.7305,0.0200,0.0200,0.0497,0.9510,-0.0487,-0.1027,-0.2875,0.0029,1.4233,0.0029,0.2818,-0.1591,0.0311,0.0282,0.0282,0.0699
1544359432.0000,2031,45831.9997,-65.0536,-1.5797,2.7110,0.0200,0.0200,0.0497,0.9531,-0.0410,-0.1050,-0.2810,0.0026,1.4259,0.0026,0.2449,-0.2344,-0.0195,0.0282,0.0282,0.0699
1544359433.0000,2031,45832.9997,-64.8604,-1.8022,2.7489,0.0200,0.0200,0.0497,0.9479,-0.0593,-0.0997,-0.2968,0.0001,1.4286,0.0001,0.1932,-0.2225,0.0379,0.0282,0.0282,0.0699
1544359434.0000,2031,45833.9997,-64.7012,-2.0184,2.7431,0.0200,0.0200,0.0497,0.9244,-0.0560,-0.1024,-0.3632,0.0008,1.4313,0.0008,0.1592,-0.2162,-0.0059,0.0282,0.0282,0.0699
1544359435.0000,2031,45834.9997,-64.6072,-2.2940,2.7601,0.0200,0.0200,0.0497,0.9135,-0.0680,-0.0980,-0.3890,0.0013,1.4339,0.0013,0.0939,-0.2757,0.0170,0.0282,0.0282,0.0699
1544359436.0000,2031,45835.9997,-64.4292,-2.5031,2.7437,0.0200,0.0200,0.0497,0.8943,-0.0562,-0.1042,-0.4315,0.0009,1.4366,0.0009,0.1781,-0.2091,-0.0164,0.0282,0.0282,0.0699
1544359437.0000,2031,45836.9997,-64.2837,-2.8000,2.7489,0.0200,0.0200,0.0497,0.8880,-0.0701,-0.0975,-0.4439,0.0020,1.4392,0.0020,0.1455,-0.2969,0.0052,0.0282,0.0282,0.0699
1544359438.0000,2031,45837.9997,-64.0926,-3.0021,2.7545,0.0200,0.0200,0.0497,0.8660,-0.0760,-0.0954,-0.4849,0.0022,1.4419,0.0022,0.1911,-0.2021,0.0056,0.0282,0.0282,0.0699
1544359439.0000,2031,45838.9997,-63.9112,-3.3797,2.7252,0.0200,0.0200,0.0497,0.8774,-0.0621,-0.1026,-0.4645,0.0016,1.4445,0.0016,0.1814,-0.3776,-0.0293,0.0282,0.0282,0.0699
1544359440.0000,2031,45839.9997,-63.7176,-3.6246,2.7414,0.0200,0.0200,0.0497,0.8622,-0.0699,-0.0986,-0.4920,0.0043,1.4472,0.0043,0.1937,-0.2449,0.0162,0.0282,0.0282,0.0699
1544359441.0000,2031,45840.9997,-63.5857,-3.9345,2.7348,0.0200,0.0200,0.0497,0.8651,-0.0555,-0.1068,-0.4869,0.0024,1.4498,0.0024,0.1318,-0.3099,-0.0066,0.0282,0.0282,0.0699
1544359442.0000,2031,45841.9997,-63.3728,-4.1905,2.7630,0.0200,0.0200,0.0497,0.8635,-0.0834,-0.0910,-0.4889,0.0009,1.4524,0.0009,0.2129,-0.2559,0.0283,0.0282,0.0282,0.0699
1544359443.0000,2031,45842.9997,-63.2164,-4.5058,2.7847,0.0200,0.0200,0.0497,0.8454,-0.0808,-0.0935,-0.5196,0.0015,1.4550,0.0015,0.1564,-0.3153,0.0217,0.0282,0.0282,0.0699
1544359444.0000,2031,45843.9997,-63.0592,-4.8230,2.7649,0.0200,0.0200,0.0497,0.8413,-0.0878,-0.0894,-0.5258,0.0017,1.4576,0.0017,0.1572,-0.3172,-0.0199,0.0282,0.0282,0.0699
1544359445.0000,2031,45844.9997,-62.9443,-5.1054,2.7347,0.0200,0.0200,0.0497,0.8175,-0.0802,-0.0954,-0.5623,0.0014,1.4602,0.0014,0.1148,-0.2825,-0.0301,0.0282,0.0282,0.0699
1544359446.0000,2031,45845.9997,-62.8522,-5.4346,2.7608,0.0200,0.0200,0.0497,0.8087,-0.0941,-0.0860,-0.5742,0.0002,1.4629,0.0002,0.0921,-0.3292,0.0261,0.0282,0.0282,0.0699
1544359447.0000,2031,45846.9997,-62.6878,-5.7783,2.7377,0.0200,0.0200,0.0497,0.8009,-0.0915,-0.0883,-0.5851,0.0001,1.4655,0.0001,0.1644,-0.3437,-0.0232,0.0282,0.0282,0.0699
1544359448.0000,2031,45847.9997,-62.6187,-6.1730,2.7109,0.0200,0.0200,0.0497,0.8033,-0.0963,-0.0846,-0.5816,0.0012,1.4680,0.0012,0.0691,-0.3947,-0.0268,0.0282,0.0282,0.0699
1544359449.0000,2031,45848.9997,-62.4695,-6.4430,2.7199,0.0200,0.0200,0.0497,0.7816,-0.1114,-0.0747,-0.6092,0.0066,1.4706,0.0066,0.1492,-0.2700,0.0090,0.0282,0.0282,0.0699
1544359450.0000,2031,45849.9997,-62.3858,-6.8548,2.6704,0.0200,0.0200,0.0497,0.7915,-0.0947,-0.0870,-0.5975,0.0001,1.4732,0.0001,0.0837,-0.4118,-0.0496,0.0282,0.0282,0.0699
1544359451.0000,2031,45850.9997,-62.2602,-7.1769,2.6394,0.0200,0.0200,0.0497,0.7602,-0.1078,-0.0783,-0.6359,0.0005,1.4758,0.0005,0.1256,-0.3221,-0.0310,0.0282,0.0282,0.0699
1544359452.0000,2031,45851.9997,-62.2075,-7.5809,2.5738,0.0200,0.0200,0.0497,0.7673,-0.0927,-0.0906,-0.6281,0.0019,1.4784,0.0019,0.0526,-0.4040,-0.0655,0.0282,0.0282,0.0699
1544359453.0000,2031,45852.9997,-62.1431,-7.9152,2.5782,0.0200,0.0200,0.0497,0.7547,-0.0976,-0.0869,-0.6429,0.0048,1.4810,0.0048,0.0644,-0.3343,0.0044,0.0282,0.0282,0.0699
1544359454.0000,2031,45853.9997,-62.0707,-8.2326,2.5275,0.0200,0.0200,0.0497,0.7457,-0.0954,-0.0890,-0.6534,0.0042,1.4835,0.0042,0.0724,-0.3175,-0.0507,0.0282,0.0282,0.0699
1544359455.0000,2031,45854.9997,-61.9344,-8.6585,2.5334,0.0200,0.0200,0.0497,0.7544,-0.1036,-0.0815,-0.6430,0.0016,1.4861,0.0016,0.1363,-0.4258,0.0058,0.0282,0.0282,0.0699
1544359456.0000,2031,45855.9997,-61.8145,-8.9621,2.4910,0.0200,0.0200,0.0497,0.7364,-0.0999,-0.0855,-0.6636,0.0043,1.4887,0.0043,0.1199,-0.3037,-0.0424,0.0282,0.0282,0.0699
1544359457.0000,2031,45856.9997,-61.7787,-9.3860,2.4791,0.0200,0.0200,0.0497,0.7636,-0.0945,-0.0894,-0.6324,0.0050,1.4912,0.0050,0.0358,-0.4238,-0.0119,0.0282,0.0282,0.0699
1544359458.0000,2031,45857.9997,-61.7098,-9.6845,2.4781,0.0200,0.0200,0.0497,0.7426,-0.1105,-0.0766,-0.6562,0.0047,1.4938,0.0047,0.0689,-0.2985,-0.0010,0.0282,0.0282,0.0699
1544359459.0000,2031,45858.9997,-61.7200,-10.0183,2.4622,0.0200,0.0200,0.0497,0.7361,-0.1306,-0.0590,-0.6615,0.0073,1.4963,0.0073,-0.0103,-0.3338,-0.0159,0.0282,0.0282,0.0699
1544359460.0000,2031,45859.9997,-61.6605,-10.2916,2.4479,0.0200,0.0200,0.0497,0.7100,-0.1165,-0.0747,-0.6905,0.0059,1.4989,0.0059,0.0596,-0.2733,-0.0143,0.0282,0.0282,0.0699
1544359461.0000,2031,45860.9997,-61.6596,-10.6042,2.4228,0.0200,0.0200,0.0497,0.6923,-0.1111,-0.0810,-0.7084,0.0051,1.5014,0.0051,0.0009,-0.3126,-0.0251,0.0282,0.0282,0.0699
1544359462.0000,2031,45861.9997,-61.6591,-10.9815,2.4354,0.0200,0.0200,0.0497,0.7032,-0.1270,-0.0642,-0.6966,0.0057,1.5039,0.0057,0.0005,-0.3773,0.0127,0.0282,0.0282,0.0699
1544359463.0000,2031,45862.9997,-61.6400,-11.2989,2.3913,0.0200,0.0200,0.0497,0.6817,-0.1166,-0.0764,-0.7182,0.0101,1.5065,0.0101,0.0191,-0.3173,-0.0441,0.0282,0.0282,0.0699
1544359464.0000,2031,45863.9997,-61.6935,-11.7064,2.3879,0.0200,0.0200,0.0497,0.6820,-0.1201,-0.0727,-0.7178,0.0622,1.5090,0.0622,-0.0535,-0.4075,-0.0034,0.0282,0.0282,0.0699
1544359465.0000,2031,45864.9997,-61.6885,-12.0712,2.3758,0.0200,0.0200,0.0497,0.6822,-0.1236,-0.0689,-0.7173,0.0115,1.5115,0.0115,0.0050,-0.3648,-0.0121,0.0282,0.0282,0.0699
1544359466.0000,2031,45865.9997,-61.7175,-12.3601,2.3188,0.0200,0.0200,0.0497,0.6774,-0.1099,-0.0837,-0.7226,0.0069,1.5140,0.0069,-0.0290,-0.2888,-0.0570,0.0282,0.0282,0.0699
1544359467.0000,2031,45866.9997,-61.7850,-12.6514,2.3335,0.0200,0.0200,0.0497,0.6725,-0.1298,-0.0625,-0.7259,0.0081,1.5165,0.0081,-0.0675,-0.2913,0.0147,0.0282,0.0282,0.0699
1544359468.0000,2031,45867.9997,-61.8285,-12.9172,2.2995,0.0200,0.0200,0.0497,0.6360,-0.1226,-0.0731,-0.7584,0.0018,1.5190,0.0018,-0.0435,-0.2658,-0.0340,0.0282,0.0282,0.0699
1544359469.0000,2031,45868.9997,-61.9406,-13.3035,2.2376,0.0200,0.0200,0.0497,0.6624,-0.1048,-0.0930,-0.7360,0.0020,1.5215,0.0020,-0.1120,-0.3862,-0.0619,0.0282,0.0282,0.0699
1544359470.0000,2031,45869.9997,-61.9551,-13.6494,2.2285,0.0200,0.0200,0.0497,0.6542,-0.1224,-0.0734,-0.7428,0.0034,1.5240,0.0034,-0.0145,-0.3459,-0.0091,0.0282,0.0282,0.0699
1544359471.0000,2031,45870.9997,-62.0539,-14.0037,2.1680,0.0200,0.0200,0.0497,0.6538,-0.1081,-0.0898,-0.7435,0.0022,1.5265,0.0022,-0.0988,-0.3543,-0.0605,0.0282,0.0282,0.0699
1544359472.0000,2031,45871.9997,-62.1317,-14.3601,2.1328,0.0200,0.0200,0.0497,0.6401,-0.1131,-0.0842,-0.7553,0.0004,1.5290,0.0004,-0.0778,-0.3564,-0.0352,0.0282,0.0282,0.0699
1544359473.0000,2031,45872.9997,-62.1829,-14.6883,2.0996,0.0200,0.0200,0.0497,0.6371,-0.1087,-0.0894,-0.7578,0.0012,1.5315,0.0012,-0.0511,-0.3282,-0.0332,0.0282,0.0282,0.0699
1544359474.0000,2031,45873.9997,-62.3011,-15.0340,2.0656,0.0200,0.0200,0.0497,0.6506,-0.1138,-0.0833,-0.7462,0.0029,1.5340,0.0029,-0.1182,-0.3456,-0.0340,0.0282,0.0282,0.0699
1544359475.0000,2031,45874.9997,-62.3821,-15.3144,1.9918,0.0200,0.0200,0.0497,0.6299,-0.1027,-0.0964,-0.7638,0.0023,1.5365,0.0023,-0.0810,-0.2805,-0.0738,0.0282,0.0282,0.0699
1544359476.0000,2031,45875.9997,-62.4902,-15.5980,1.9233,0.0200,0.0200,0.0497,0.6291,-0.1140,-0.0827,-0.7645,0.0030,1.5390,0.0030,-0.1081,-0.2835,-0.0686,0.0282,0.0282,0.0699
1544359477.0000,2031,45876.9997,-62.5543,-15.9691,1.8895,0.0200,0.0200,0.0497,0.6576,-0.1256,-0.0678,-0.7397,0.0041,1.5414,0.0041,-0.0642,-0.3711,-0.0337,0.0282,0.0282,0.0699
1544359478.0000,2031,45877.9997,-62.6599,-16.2546,1.9001,0.0200,0.0200,0.0497,0.6553,-0.1344,-0.0579,-0.7411,0.0054,1.5439,0.0054,-0.1056,-0.2855,0.0106,0.0282,0.0282,0.0699
1544359479.0000,2031,45878.9997,-62.6714,-16.4425,1.8790,0.0200,0.0200,0.0497,0.6218,-0.1282,-0.0679,-0.7697,0.0056,1.5464,0.0056,-0.0115,-0.1878,-0.0211,0.0282,0.0282,0.0699
1544359480.0000,2031,45879.9997,-62.8651,-16.7696,1.7897,0.0200,0.0200,0.0497,0.6245,-0.1239,-0.0731,-0.7677,0.0036,1.5488,0.0036,-0.1936,-0.3272,-0.0894,0.0282,0.0282,0.0699
1544359481.0000,2031,45880.9997,-62.9792,-17.0932,1.7555,0.0200,0.0200,0.0497,0.6187,-0.1170,-0.0818,-0.7726,0.0021,1.5513,0.0021,-0.1141,-0.3236,-0.0342,0.0282,0.0282,0.0699
1544359482.0000,2031,45881.9997,-63.1139,-17.3740,1.6801,0.0200,0.0200,0.0497,0.6024,-0.1045,-0.0977,-0.7853,0.0054,1.5537,0.0054,-0.1347,-0.2808,-0.0754,0.0282,0.0282,0.0699
1544359483.0000,2031,45882.9997,-63.3202,-17.5257,1.6234,0.0200,0.0200,0.0497,0.5706,-0.1141,-0.0841,-0.8089,0.0047,1.5562,0.0047,-0.2064,-0.1517,-0.0568,0.0282,0.0282,0.0699
1544359484.0000,2031,45883.9997,-63.4199,-17.7323,1.6080,0.0200,0.0200,0.0497,0.5319,-0.1212,-0.0736,-0.8349,0.0045,1.5586,0.0045,-0.0996,-0.2067,-0.0154,0.0282,0.0282,0.0699
1544359485.0000,2031,45884.9997,-63.6243,-18.0830,1.5789,0.0200,0.0200,0.0497,0.5606,-0.1312,-0.0574,-0.8156,0.0007,1.5611,0.0007,-0.2044,-0.3506,-0.0290,0.0282,0.0282,0.0699
1544359486.0000,2031,45885.9997,-63.6851,-18.3347,1.5427,0.0200,0.0200,0.0497,0.5283,-0.1309,-0.0595,-0.8368,0.0058,1.5635,0.0058,-0.0608,-0.2518,-0.0363,0.0282,0.0282,0.0699
1544359487.0000,2031,45886.9997,-63.8828,-18.6064,1.4699,0.0200,0.0200,0.0497,0.5003,-0.1341,-0.0554,-0.8536,0.0063,1.5659,0.0063,-0.1977,-0.2716,-0.0728,0.0282,0.0282,0.0699
1544359488.0000,2031,45887.9997,-64.1256,-18.8469,1.3961,0.0200,0.0200,0.0497,0.4690,-0.1367,-0.0523,-0.8710,0.0069,1.5684,0.0069,-0.2428,-0.2406,-0.0738,0.0282,0.0282,0.0699
1544359489.0000,2031,45888.9997,-64.2688,-19.0753,1.3789,0.0200,0.0200,0.0497,0.4608,-0.1368,-0.0525,-0.8753,0.0050,1.5708,0.0050,-0.1432,-0.2284,-0.0172,0.0282,0.0282,0.0699
1544359490.0000,2031,45889.9997,-64.4583,-19.2599,1.3532,0.0200,0.0200,0.0497,0.4316,-0.1483,-0.0314,-0.8892,0.0024,1.5732,0.0024,-0.1895,-0.1846,-0.0257,0.0282,0.0282,0.0699
1544359491.0000,2031,45890.9997,-64.5988,-19.4815,1.2802,0.0200,0.0200,0.0497,0.3765,-0.1470,-0.0385,-0.9139,0.0094,1.5756,0.0094,-0.1404,-0.2216,-0.0730,0.0282,0.0282,0.0699
1544359492.0000,2031,45891.9997,-64.8590,-19.6713,1.2354,0.0200,0.0200,0.0497,0.3681,-0.1503,-0.0309,-0.9170,0.0078,1.5781,0.0078,-0.2602,-0.1898,-0.0449,0.0282,0.0282,0.0699
1544359493.0000,2031,45892.9997,-65.0585,-19.8971,1.1890,0.0200,0.0200,0.0497,0.3061,-0.1513,-0.0322,-0.9393,0.0057,1.5805,0.0057,-0.1995,-0.2258,-0.0464,0.0282,0.0282,0.0699
1544359494.0000,2031,45893.9997,-65.3957,-19.9989,1.1018,0.0200,0.0200,0.0497,0.2556,-0.1532,-0.0284,-0.9541,0.0003,1.5829,0.0003,-0.3372,-0.1019,-0.0872,0.0282,0.0282,0.0699
1544359495.0000,2031,45894.9997,-65.6810,-20.1388,1.0863,0.0200,0.0200,0.0497,0.2083,-0.1625,0.0053,-0.9645,0.0025,1.5853,0.0025,-0.2853,-0.1399,-0.0155,0.0282,0.0282,0.0699
1544359496.0000,2031,45895.9997,-65.9776,-20.3568,1.0735,0.0200,0.0200,0.0497,0.1957,-0.1656,0.0179,-0.9664,0.0077,1.5877,0.0077,-0.2966,-0.2179,-0.0127,0.0282,0.0282,0.0699
1544359497.0000,2031,45896.9997,-66.3879,-20.4772,1.0120,0.0200,0.0200,0.0497,0.1950,-0.1625,0.0017,-0.9673,0.0014,1.5901,0.0014,-0.4103,-0.1205,-0.0616,0.0282,0.0282,0.0699
1544359498.0000,2031,45897.9997,-66.7534,-20.6356,0.9847,0.0200,0.0200,0.0497,0.1389,-0.1657,0.0096,-0.9763,0.0010,1.5925,0.0010,-0.3654,-0.1584,-0.0272,0.0282,0.0282,0.0699
1544359499.0000,2031,45898.9997,-67.1723,-20.7276,0.9839,0.0200,0.0200,0.0497,0.0885,-0.1669,0.0077,-0.9820,0.0029,1.5949,0.0029,-0.4189,-0.0920,-0.0008,0.0282,0.0282,0.0699
1544359500.0000,2031,45899.9997,-67.6300,-20.8258,1.0167,0.0200,0.0200,0.0497,0.1048,-0.1686,0.0324,-0.9796,0.0011,1.5972,0.0011,-0.4577,-0.0982,0.0328,0.0282,0.0282,0.0699
1544359501.0000,2031,45900.9997,-68.0465,-20.9692,1.0201,0.0200,0.0200,0.0497,0.0928,-0.1689,0.0297,-0.9808,0.0110,1.5996,0.0110,-0.4165,-0.1434,0.0034,0.0282,0.0282,0.0699
1544359502.0000,2031,45901.9997,-68.5182,-21.0505,1.0099,0.0200,0.0200,0.0497,0.1080,-0.1686,0.0348,-0.9791,0.0099,1.6020,0.0099,-0.4717,-0.0813,-0.0102,0.0282,0.0282,0.0699
1544359503.0000,2031,45902.9997,-68.9300,-21.2475,1.0030,0.0200,0.0200,0.0497,0.0985,-0.1697,0.0406,-0.9797,0.0081,1.6044,0.0081,-0.4118,-0.1970,-0.0069,0.0282,0.0282,0.0699
1544359504.0000,2031,45903.9997,-69.4257,-21.3624,1.0101,0.0200,0.0200,0.0497,0.1202,-0.1670,0.0256,-0.9783,0.0102,1.6067,0.0102,-0.4957,-0.1149,0.0071,0.0282,0.0282,0.0699
1544359505.0000,2031,45904.9997,-69.8648,-21.5112,1.0079,0.0200,0.0200,0.0497,0.1103,-0.1669,0.0209,-0.9796,0.0619,1.6091,0.0619,-0.4391,-0.1489,-0.0023,0.0282,0.0282,0.0699
1544359506.0000,2031,45905.9997,-70.3101,-21.6535,0.9863,0.0200,0.0200,0.0497,0.1003,-0.1668,0.0161,-0.9807,0.0001,1.6115,0.0001,-0.4453,-0.1423,-0.0216,0.0282,0.0282,0.0699
1544359507.0000,2031,45906.9997,-70.7734,-21.7437,1.0000,0.0200,0.0200,0.0497,0.1110,-0.1677,0.0294,-0.9791,0.0072,1.6138,0.0072,-0.4633,-0.0902,0.0137,0.0282,0.0282,0.0699
1544359508.0000,2031,45907.9997,-71.2045,-21.9360,0.9880,0.0200,0.0200,0.0497,0.1214,-0.1651,0.0097,-0.9787,0.0074,1.6162,0.0074,-0.4310,-0.1923,-0.0119,0.0282,0.0282,0.0699
1544359509.0000,2031,45908.9997,-71.6644,-22.0433,0.9991,0.0200,0.0200,0.0497,0.1388,-0.1645,0.0089,-0.9765,0.0055,1.6186,0.0055,-0.4599,-0.1072,0.0110,0.0282,0.0282,0.0699
1544359510.0000,2031,45909.9997,-72.0823,-22.3131,1.0041,0.0200,0.0200,0.0497,0.1673,-0.1624,0.0007,-0.9724,0.0077,1.6209,0.0077,-0.4180,-0.2698,0.0050,0.0282,0.0282,0.0699
1544359511.0000,2031,45910.9997,-72.5172,-22.6130,0.9693,0.0200,0.0200,0.0497,0.2557,-0.1550,-0.0240,-0.9539,0.0101,1.6233,0.0101,-0.4348,-0.2999,-0.0348,0.0282,0.0282,0.0699
1544359512.0000,2031,45911.9997,-72.7985,-23.0234,0.9694,0.0200,0.0200,0.0497,0.3162,-0.1503,-0.0363,-0.9360,0.0059,1.6256,0.0059,-0.2813,-0.4103,0.0001,0.0282,0.0282,0.0699
1544359513.0000,2031,45912.9997,-73.1593,-23.4307,0.9403,0.0200,0.0200,0.0497,0.3970,-0.1419,-0.0557,-0.9051,0.0618,1.6279,0.0618,-0.3609,-0.4073,-0.0291,0.0282,0.0282,0.0699
1544359514.0000,2031,45913.9997,-73.3520,-23.9297,0.9640,0.0200,0.0200,0.0497,0.4746,-0.1323,-0.0747,-0.8670,0.0011,1.6303,0.0011,-0.1926,-0.4990,0.0237,0.0282,0.0282,0.0699
1544359515.0000,2031,45914.9997,-73.4470,-24.5043,0.9615,0.0200,0.0200,0.0497,0.6241,-0.1189,-0.0947,-0.7664,0.0016,1.6326,0.0016,-0.0950,-0.5746,-0.0025,0.0282,0.0282,0.0699
1544359516.0000,2031,45915.9997,-73.2458,-25.0069,0.9960,0.0200,0.0200,0.0497,0.7129,-0.1164,-0.0958,-0.6849,0.0078,1.6349,0.0078,0.2012,-0.5026,0.0345,0.0282,0.0282,0.0699
1544359517.0000,2031,45916.9997,-73.0301,-25.5470,0.9702,0.0200,0.0200,0.0497,0.8111,-0.0869,-0.1180,-0.5663,0.0023,1.6373,0.0023,0.2157,-0.5401,-0.0258,0.0282,0.0282,0.0699
1544359518.0000,2031,45917.9997,-72.6508,-25.9027,0.9609,0.0200,0.0200,0.0497,0.8528,-0.0765,-0.1244,-0.5014,0.0006,1.6396,0.0006,0.3793,-0.3558,-0.0093,0.0282,0.0282,0.0699
1544359519.0000,2031,45918.9997,-72.2959,-26.3055,0.9477,0.0200,0.0200,0.0497,0.9039,-0.0551,-0.1355,-0.4021,0.0003,1.6419,0.0003,0.3549,-0.4028,-0.0131,0.0282,0.0282,0.0699
1544359520.0000,2031,45919.9997,-71.8069,-26.5469,0.9800,0.0200,0.0200,0.0497,0.9279,-0.0546,-0.1357,-0.3430,0.0027,1.6442,0.0027,0.4890,-0.2414,0.0323,0.0282,0.0282,0.0699
1544359521.0000,2031,45920.9997,-71.3228,-26.8082,0.9490,0.0200,0.0200,0.0497,0.9538,-0.0379,-0.1409,-0.2626,0.0010,1.6465,0.0010,0.4841,-0.2613,-0.0310,0.0282,0.0282,0.0699
1544359522.0000,2031,45921.9997,-70.9259,-26.8943,0.9850,0.0200,0.0200,0.0497,0.9621,-0.0516,-0.1371,-0.2301,0.0011,1.6489,0.0011,0.3969,-0.0861,0.0360,0.0282,0.0282,0.0699
1544359523.0000,2031,45922.9997,-70.4609,-27.0303,0.9502,0.0200,0.0200,0.0497,0.9731,-0.0369,-0.1395,-0.1796,0.0019,1.6512,0.0019,0.4650,-0.1360,-0.0349,0.0282,0.0282,0.0699
1544359524.0000,2031,45923.9997,-70.0639,-27.0706,0.9786,0.0200,0.0200,0.0497,0.9751,-0.0423,-0.1383,-0.1682,0.0061,1.6535,0.0061,0.3971,-0.0403,0.0284,0.0282,0.0282,0.0699
1544359525.0000,2031,45924.9997,-69.5210,-27.1431,0.9590,0.0200,0.0200,0.0497,0.9856,-0.0170,-0.1409,-0.0919,0.0008,1.6558,0.0008,0.5429,-0.0725,-0.0195,0.0282,0.0282,0.0699
1544359526.0000,2031,45925.9997,-69.0342,-27.2380,0.8977,0.0200,0.0200,0.0497,0.9900,-0.0161,-0.1400,-0.0006,0.0004,1.6581,0.0004,0.4868,-0.0949,-0.0613,0.0282,0.0282,0.0699
1544359527.0000,2031,45926.9997,-68.8580,-27.2763,0.7206,0.0200,0.0200,0.0497,0.9899,-0.0216,-0.1399,0.0040,0.0062,1.6604,0.0062,0.1762,-0.0383,-0.1772,0.0282,0.0282,0.0699
1544359528.0000,2031,45927.9997,-68.8479,-27.2718,0.6533,0.0200,0.0200,0.0497,0.9899,-0.0226,-0.1398,0.0070,0.0051,1.6626,0.0051,0.0101,0.0046,-0.0673,0.0282,0.0282,0.0699
1544359529.0000,2031,45928.9997,-68.8778,-27.2780,0.6264,0.0200,0.0200,0.0497,0.9901,-0.0139,-0.1398,0.0065,0.0060,1.6649,0.0060,-0.0299,-0.0062,-0.0269,0.0282,0.0282,0.0699
1544359530.0000,2031,45929.9997,-68.8725,-27.2832,0.6128,0.0200,0.0200,0.0497,0.9901,-0.0091,-0.1397,0.0096,0.0068,1.6672,0.0068,0.0053,-0.0052,-0.0136,0.0282,0.0282,0.0699
1544359531.0000,2031,45930.9997,-68.8783,-27.2816,0.6200,0.0200,0.0200,0.0497,0.9901,-0.0101,-0.1398,0.0062,0.0054,1.6695,0.0054,-0.0058,0.0016,0.0072,0.0282,0.0282,0.0699
1544359532.0000,2031,45931.9997,-68.8821,-27.2796,0.6232,0.0200,0.0200,0.0497,0.9902,-0.0055,-0.1398,0.0034,0.0016,1.6718,0.0016,-0.0038,0.0020,0.0032,0.0282,0.0282,0.0699
1544359533.0000,2031,45932.9997,-68.8777,-27.2788,0.6317,0.0200,0.0200,0.0497,0.9901,-0.0053,-0.1398,0.0099,0.0000,1.6741,0.0000,0.0044,0.0008,0.0085,0.0282,0.0282,0.0699
1544359534.0000,2031,45933.9997,-68.9264,-27.2780,0.6378,0.0200,0.0200,0.0497,0.9893,-0.0261,-0.1401,-0.0324,0.0096,1.6763,0.0096,-0.0488,0.0007,0.0061,0.0282,0.0282,0.0699
1544359535.0000,2031,45934.9997,-68.9223,-27.2742,0.6409,0.0200,0.0200,0.0497,0.9895,-0.0223,-0.1401,-0.0261,0.0058,1.6786,0.0058,0.0041,0.0039,0.0030,0.0282,0.0282,0.0699
1544359536.0000,2031,45935.9997,-68.9082,-27.2697,0.6362,0.0200,0.0200,0.0497,0.9897,-0.0171,-0.1402,-0.0230,0.0052,1.6809,0.0052,0.0141,0.0045,-0.0047,0.0282,0.0282,0.0699
1544359537.0000,2031,45936.9997,-68.8784,-27.2729,0.6290,0.0200,0.0200,0.0497,0.9900,-0.0184,-0.1398,-0.0036,0.0073,1.6831,0.0073,0.0298,-0.0032,-0.0072,0.0282,0.0282,0.0699
1544359538.0000,2031,45937.9997,-68.8791,-27.2805,0.6273,0.0200,0.0200,0.0497,0.9902,-0.0000,-0.1399,-0.0033,0.0030,1.6854,0.0030,-0.0007,-0.0076,-0.0017,0.0282,0.0282,0.0699
1544359539.0000,2031,45938.9997,-68.8781,-27.2823,0.6259,0.0200,0.0200,0.0497,0.9900,-0.0178,-0.1398,0.0016,0.0068,1.6877,0.0068,0.0010,-0.0018,-0.0014,0.0282,0.0282,0.0699
1544359540.0000,2031,45939.9997,-68.8812,-27.2772,0.6190,0.0200,0.0200,0.0497,0.9900,-0.0173,-0.1398,0.0010,0.0071,1.6899,0.0071,-0.0030,0.0051,-0.0069,0.0282,0.0282,0.0699
1544359541.0000,2031,45940.9997,-68.8829,-27.2745,0.6326,0.0200,0.0200,0.0497,0.9900,-0.0187,-0.1399,0.0001,0.0059,1.6922,0.0059,-0.0017,0.0028,0.0136,0.0282,0.0282,0.0699
1544359542.0000,2031,45941.9997,-68.8770,-27.2792,0.6316,0.0200,0.0200,0.0497,0.9901,-0.0124,-0.1398,0.0012,0.0022,1.6944,0.0022,0.0059,-0.0048,-0.0010,0.0282,0.0282,0.0699
1544359543.0000,2031,45942.9997,-68.8787,-27.2787,0.6318,0.0200,0.0200,0.0497,0.9901,-0.0122,-0.1398,0.0018,0.0003,1.6967,0.0003,-0.0017,0.0005,0.0002,0.0282,0.0282,0.0699
1544359544.0000,2031,45943.9997,-68.8779,-27.2764,0.6223,0.0200,0.0200,0.0497,0.9900,-0.0185,-0.1398,0.0015,0.0084,1.6989,0.0084,0.0008,0.0023,-0.0095,0.0282,0.0282,0.0699
1544359545.0000,2031,45944.9997,-68.8757,-27.2822,0.6289,0.0200,0.0200,0.0497,0.9900,-0.0171,-0.1399,0.0002,0.0055,1.7011,0.0055,0.0022,-0.0058,0.0066,0.0282,0.0282,0.0699
1544359546.0000,2031,45945.9997,-68.8757,-27.2823,0.6273,0.0200,0.0200,0.0497,0.9900,-0.0157,-0.1399,0.0001,0.0061,1.7034,0.0061,-0.0000,-0.0000,-0.0016,0.0282,0.0282,0.0699
1544359547.0000,2031,45946.9997,-68.8799,-27.2790,0.6226,0.0200,0.0200,0.0497,0.9901,-0.0131,-0.1398,0.0020,0.0031,1.7056,0.0031,-0.0041,0.0032,-0.0047,0.0282,0.0282,0.0699
1544359548.0000,2031,45947.9997,-68.8786,-27.2797,0.6238,0.0200,0.0200,0.0497,0.9901,-0.0107,-0.1399,-0.0000,0.0068,1.7078,0.0068,0.0013,-0.0006,0.0012,0.0282,0.0282,0.0699
1544359549.0000,2031,45948.9997,-68.8780,-27.2772,0.6250,0.0200,0.0200,0.0499,0.9900,-0.0165,-0.1399,0.0002,0.0034,1.7101,0.0034,0.0006,0.0025,0.0011,0.0283,0.0283,0.0703
